Arranged number,Number,Book,Brand,Shade Name,Description,Finish,Stamping Polish,Topper/Effect,Notes
115,1,1,Red Eyed Lacquer,O-pal-eeze,Gray with iridescent Flakies; opal,Crelly,,,January 21 PPU
119,2,1,Stella Chroma,Slam!,Purple multi-chrome with Flakies,Flakies,,,January 21 PPU
127,3,2,Cirque Colors,Mystic Moonstone,White Iridescent,Shimmer,,,2020 Advent Calendar Mini
75,4,1,Cirque Colors,Bonbon,Pink with Flakies,Jelly,,,2020 Advent Calendar Mini
,Destash,1,Cirque Colors,Candy Apple (Charlotte),Red with Flakies,Jelly,,,2020 Advent Calendar Mini/Gave to Charlotte
64,6,1,Cirque Colors,Sugar Plum,Lavender with Flakies,Jelly,,,2020 Advent Calendar Mini
,Destash,1,Cirque Colors,Sour Punch (Charlotte),Neon green with Flakies,Jelly,,,2020 Advent Calendar Mini/Gave to Charlotte
143,8,2,Twinkled T,Holo Storm,Fine Rainbow Glitter,Glitter Bomb,,Topper,Not opaque
26,9,1,Twinkled T,No Filter,Neon Green,Crème,Yes,,
129,10,2,Twinkled T,Glow Up,White,Crème,Yes,,Streaks
60,11,1,Maniology,Frigid,Blue toned purple,Crème,Yes,,
105,12,1,Maniology,Fleece,Silver metallic,Metallic,Yes,,
46,13,1,Maniology,Shark Bait,Dusky Blue,Crème,Yes,,
8,14,1,Maniology,Marmalade,Pumpkin Orange,Crème,Yes,,
45,15,1,Maniology,Tear Drop,True Blue,Crème,Yes,,
86,16,1,Maniology,Watermelon,Dusky Rose,Crème,Yes,,
14,17,1,Maniology,Pencils Down,Neon Yellow,Crème,Yes,,
32,18,1,Maniology,Soft Sage,Mint,Crème,Yes,,Mini & Full Size
21,19,1,Maniology,Rind,Army Green,Crème,Yes,,
19,20,1,Maniology,Crisp,Dark True Olive,Crème,Yes,,
65,21,1,Maniology,Monarch Dream,Pastel Magenta/Lavender,Crème,Yes,,
98,22,1,Maniology,Cozy,Copper Metallic,Metallic,Yes,,
123,23,2,Maniology,Straight Up Black,Opaque Black,Crème,Yes,,Impossible to clean up
144,24,2,Maniology,Smudge Free Unicorn Top Coat,Iridescent Holo Top Coat,Top Coat,,Unicorn Top Coat,
29,25,1,Maniology,Goulish,Neon Green Metallic,Metallic,Yes,,
28,26,1,Maniology,Limelight,Lime,Crème,Yes,,
15,27,1,Maniology,Buttercup,Pale pastel yellow,Crème,Yes,,
71,28,1,Maniology,Fuchsia Flame,Neon Pink,Crème,Yes,,
68,29,1,Maniology,Shadow Chaser ,Lisa Frank Purple,Crème,Yes,,
58,30,1,Maniology,Thriller ,Purple Holo,Holo,Yes,,
59,31,1,Maniology,Unicorn Horn,Purple Metallic,Metallic,Yes,,
54,32,1,NARS,Purple Rain,Dark Royal Purple,,,,
94,33,1,NARS,Delos ,Copper Brown,,,,
91,34,1,NARS,Arabesque,Rose gold glitter,,,Topper,Not opaque; Good coverage in 3 coats
37,35,1,NARS,Blkr,Dark Royal Blue ,Crème,,,Looks black in two coats
102,36,1,NARS,Amarapura,Silver,Metallic,,,Almost Matte
99,37,1,NARS,Milos ,Metallic Gold,Metallic,,,3 coats on swatch 
49,38,1,NARS,Ikiru,Sky Blue,Crème,,,
12,39,1,NARS,Orgasm,Peach with Gold Holo,Holo,,,Mostly Sheer; 3 coats on swatch
73,40,1,NARS,Schiap,Barbie Pink,Crème,,,
20,41,1,NARS,Mash,Khaki Green,,,,
16,42,1,NARS,Night Porter,Forest Green (Dark Emerald),,,,Looks almost black 
124,43,2,NARS,Back Room,Black,,,,One Coat Black
112,44,1,NARS,Black Fire,Blue Grey with Silver Holo,,,,
117,45,1,NARS,Night Breed,Black with Silver Glitter,Glitter ,,,Textured
109,46,1,NARS,Hard to Get,Brown based silver/grey,,,,
2,47,1,NARS,Torre de Oro,True Red,Crème,,,
38,48,1,Mooncat/LLP,Larkspur,Blue with Rainbow Holo,Holo,,,
116,49,1,ILNP,Cityscape,Navy with Rainbow Holo,Holo,,,
120,50,1,ILNP,Eclipse,Gunmetal to Red Multichrome,Multichrome,,,
125,51,2,ILNP,Mega (S),Silver Rainbow Holo,Holo,,,
18,52,1,ILNP,Salem,Emerald to Purple Multichrome glitter,Glitter ,,,
113,53,1,ILNP,The Boulevard,Blue Grey with Gold Holo,Holo,,,
33,54,1,Cirque Colors,Jade Jelly,Jade Green,Jelly,,,Jade Nail Art Set
128,55,2,Cirque Colors,Linen Sheer,Sheer White,Sheer,,,Jade Nail Art Set
57,56,1,Cirque Colors,Royal Jelly,Royal Purple ,Jelly,,,Amethyst Nail Art Set
63,57,1,Cirque Colors,Lilac Jelly ,Bright Lilac,Jelly,,,Amethyst Nail Art Set
126,58,2,Cirque Colors,Thistle Sheer,Milky Lavender,Sheer,,,Amethyst Nail Art Set
84,59,1,Cirque Colors,Rose Jelly,Dusky Rose,Jelly,,,Rose Quartz Nail Art Set
83,60,1,Cirque Colors,Chiffon Sheer ,Baby Pink,Sheer,,,Rose Quartz Nail Art Set
96,61,1,Cirque Colors,Rust,Burnt Sienna (Orangey Brown),Jelly,,,Tortoiseshell Nail Art Set
97,62,1,Cirque Colors,Camel ,Butterscotch ,Jelly,,,Tortoiseshell Nail Art Set
93,63,1,Cirque Colors,Walnut,Brown,Jelly,,,Tortoiseshell Nail Art Set
137,64,2,Holo Taco,Rainbow Snow,Silver Jelly Base with Rainbow Glitter,Jelly & Glitter,,,Holoday Collection
40,65,1,Holo Taco,Midnight Spark,Blue Jelly Base with Blue & Rainbow Glitter,Jelly & Glitter,,,Holoday Collection
43,66,1,Holo Taco,Frost Light,Light Blue Jelly Base with Silver & Rainbow Glitter,Jelly & Glitter,,,Holoday Collection
5,67,1,Holo Taco,Party Punch,Red Jelly Base with Red Glitter,Jelly & Glitter,,,Holoday Collection
4,68,1,Holo Taco,Red Licorice,Red Holo,Holo,,,Rainbow Collection
90,69,1,Holo Taco,Play Rose,Rose Gold Jelly Base with Rainbow Glitter,Jelly & Glitter,,,Holoday Collection
9,70,1,Holo Taco,Orange Drink ,Orange Holo ,Holo,,,Rainbow Collection
13,71,1,Holo Taco,Lemon Sucker,Yellow Holo,Holo,,,Rainbow Collection
104,72,1,Holo Taco,Gift Receipt,Silver Foil,Foil,,,Frosted Metals Collection
11,73,1,Holo Taco,Cheap Champagne,Rose Gold Foil,Foil,,,Frosted Metals Collection
31,74,1,Holo Taco,Mint Money,Green Foil,Foil,,,Frosted Metals Collection
42,75,1,Holo Taco,Cold Shoulder,Blue Foil,Foil,,,Frosted Metals Collection
10,76,1,Holo Taco,Zyler the Cat ,Orange Jelly Base with Rainbow Glitter,Jelly & Glitter,,,Menchie & Zyler Duo
79,77,1,Holo Taco,Menchie the Cat,Baby Pink Jelly Base with Rainbow Glitter,Jelly & Glitter,,,Menchie & Zyler Duo
131,78,2,Holo Taco,Got Cake?,White Iridescent Base with Silver Foil,Foil,,,Birthday 2020 Launch
147,79,2,Holo Taco,Solar Unicorn Skin,Red Gold Iridescent Flakie Topper,Flakie Topper,,Topper,Unicorn Skin
25,80,1,Holo Taco,Green Taffy,Kelly Green Holo,Holo,,,Rainbow Collection
55,81,1,Holo Taco,Purple Slushie,Dark Purple Holo,Holo,,,Rainbow Collection
67,82,1,Holo Taco,Magenta Jelly,Magenta Holo,Holo,,,Rainbow Collection
41,83,1,Holo Taco,Blue Freezie,Blue Holo,Holo,,,Rainbow Collection
78,84,1,Holo Taco,Fake Date,Lilac Foil,Foil,,,Frosted Metals Collection
23,85,1,Holo Taco,Chameleon Coat,"Multichrome metallic green, gunmetal, & bronze",Multichrome,,,Multichrome Collection
39,86,1,Holo Taco,Blue Ain't Slick,"Multichrome metallic blue, indigo, & purple",Multichrome,,,Multichrome Collection
24,87,1,Holo Taco,Missed-Shift,"Multichrome metallic green, teal, purple, & magenta",Multichrome,,,Multichrome Collection
53,88,1,Holo Taco,Purple with Envy,"Multichrome metallic purple, blue, & gold",Multichrome,,,Multichrome Collection
70,89,1,Holo Taco,Cats' Evasion,"Multichrome metallic magenta, red, gold, bronze, & green",Multichrome,,,Multichrome Collection
52,90,1,Mooncat/LLP,Continuum,"Violet, magenta, & gold magnetic Multichrome",Magnetic,,Magnetic,Time Warp Collection
36,91,1,Mooncat/LLP,Timestream,Blue & purple magnetic Multichrome,Magnetic,,Magnetic,Time Warp Collection
69,92,1,Mooncat/LLP,Anachronic,"Pink, orange, gold, & green magnetic Multichrome",Magnetic,,Magnetic,Time Warp Collection
95,93,1,Mooncat/LLP,Futurity,"Red, orange, & gold with blue magnetic Multichrome",Magnetic,,Magnetic,Time Warp Collection
51,94,1,Mooncat/LLP,Millennia,"Violet, blue, & green magnetic Multichrome",Magnetic,,Magnetic,Time Warp Collection
121,95,2,Mooncat/LLP,Anomaly,"Gold, green, & purple magnetic Multichrome",Magnetic,,Magnetic,Time Warp Collection
34,96,1,Expressie,Express to Impress,Mint Green,Quick Dry,,,
7,97,1,Expressie,In a Flash Sale,Burnt Orange,Quick Dry,,,
22,98,1,Expressie,Precious Cargo-go!,Olive Khaki Green,Quick Dry,,,
74,99,1,Expressie,Crave the Chaos,Barbie Pink,Quick Dry,,,
47,100,1,Expressie,Air Dry,Blue Grey,Quick Dry,,,
88,101,1,Expressie,All things OOO,Pastel Peach,Quick Dry,,,
56,102,1,Expressie,IRL,Plum,Quick Dry,,,
130,103,2,Sally Hensen Insta-Dri,White on Time,White,Quick Dry,,,
87,104,1,Sally Hensen Insta-Dri,Leaf Lined Trail,Peachy Pink with Gold Holo,Quick Dry,,,
103,105,1,Sally Hensen Insta-Dri,Silver Sweep,Liquid Silver,Quick Dry,,,
44,106,1,Sally Hensen X-treme Wear,Blue Me Away,Sky Blue ,Crème,,,
122,107,2,Sally Hensen Complete Salon Manicure,Black Platinum,Black with Silver Holo,Holo,,,
80,108,1,Sally Hensen X-treme Wear,Strobe Light,Pink & Rainbow Glitter,Glitter ,,,
141,109,2,Sally Hensen Crackle Overcoat,Fuchsia Shock,Fuchsia Effect Topper,Crackle,,Topper,Crackle Effect
142,110,2,Essie,A Cut Above,Chunky Pink Glitter,Glitter ,,Topper,Chunky
108,111,1,Essie,Over the Edge,Gunmetal Holo,Holo,,,
100,112,1,Essie,Penny Talk,Metallic Bronze,Metallic,,,
62,113,1,Essie,Lapiz of Luxury,Light Blue Gray,Crème,,,
61,114,1,Essie,Boxer Shorts,Lilac,Crème,,,
48,115,1,Urban Outfitters,Head in the Clouds,Gray with Blue Undertones,Dead Thermal,,,Dead Thermal
17,116,1,Urban Outfitters,Envy,Dark Hunter Green,Crème,,,Looks black with coats
66,117,1,Ciate,Cabaret,Plum magenta,Crème,,,
82,118,1,Ciate,Strawberry Milkshake,Baby Pink,Crème,,,
35,119,1,Ciate,Pepperminty,Mint Teal,Crème,,,
77,120,1,Ciate,Candy Floss,Pastel Pink,Crème,,,
107,121,1,OPI,Lucerne-tainly Look Marvelous,Gunmetal with Silver Holo,,,,
85,122,1,OPI,Chicago Champagne Toast,Dusky Rose,,,,
72,123,1,Nicole by OPI,Ink a Dink a Pink,Hot Pink,,,,
140,124,2,Sephora by OPI,No Label,Baby Blue Holo,,,,
106,125,1,Sephora by OPI,Is She For Real?,Gunmetal with Gold Holo,,,,
1,126,1,Sephora,It Girl,Blood Red,,,,
133,127,2,Sephora ,Sugar Coated,Baby Pink Nude,,,,
134,128,2,Formula X by Sephora,Less is More,Taupe,,,,
89,129,1,Formula X by Sephora,Starfish,Ballet Pink Holo,,,,
139,130,2,Formula X by Sephora,Center of my Universe,Pink Glitter,,,,
76,131,1,Formula X by Sephora,Wavelength,Hot Pink Holo,,,,
92,132,1,Formula X by Sephora,Ecstasy,Black Base with Copper Glitter,,,,
30,133,1,Formula X by Sephora,Quantum,Khaki Green,,,,
3,134,1,Formula X by Sephora,X heart Rouge,True Red,,,,
101,135,1,Formula X by Sephora,Ballet Barre,Gunmetal Holo,,,,
181,136,2,Formula X by Sephora,Turbulent,Black & Blue Speckled,Speckled,,Topper,
182,137,2,Formula X by Sephora,Frenzy,Pink Speckled,Speckled,,Topper,
138,138,2,Formula X by Sephora,Freaky Like Freud,Rainbow Glitter,Glitter ,,,
132,139,2,Formula X by Sephora,Moonwalk,White Holo Glitter,,,,
50,140,1,Formula X by Sephora,Free Spirit,Baby Blue,,,,
135,141,2,Formula X by Sephora,Thrilling,Stone Taupe,,,,
114,142,1,Formula X by Sephora,Gray Matter,Dark Grey,,,,
136,143,2,Formula X by Sephora,Monumental ,Tan,,,,
81,144,1,Formula X by Sephora,Alive,Pastel Pink,,,,
110,145,1,Nails Inc. ,Trafalgar Square,Grey Silver Magnetic,Magnetic,,Magnetic,
111,146,1,Formula X by Sephora,Deep End,Navy Blue with Silver Holo,Holo,,,
118,147,1,Formula X by Sephora,Naughty Newton,Black with Rainbow Glitter,Glitter ,,,
164,148,2,Alchemy Lacquers,Kyber Crystal,Pale pastel teal with iridescent Flakies,Flakies,,,January 21 Overpour
151,149,2,Cirque Colors,Hatch,"White with Black, Gray Speckles",Speckled,,,Bought on LacqueristaSwap
158,150,2,Cirque Colors,High Line,Lavender Crème ,Crème,,,Bought on LacqueristaSwap
220,151,2,Beyond the Nail,Lunenburg,Fine Rainbow Glitter - appears red based,Glitter Bomb,,,February 21 PPU
169,152,2,Great Lake Lacquers,The Mighty Mac,Blue Green jelly with Blue Green Iridescent Flakies,Jelly & Glitter,,,February 21 PPU
161,153,2,Alchemy Lacquers,Dreamland Sunset,Lavender with iridescent Flakies,Jelly,,,February 21 PPU
152,154,2,Painted Polish,Ice Ice Cave-y,White Crelly with  blue & tan glitters,Crelly,,,February 21 PPU
156,155,2,Phoenix (EDK),Mahalo!,Purple Orange Multichrome magnetic with Flakies,Magnetic,,Magnetic,February 21 PPU
148,156,2,Holo Taco,Sonic Unicorn Skin,Blue Flakie Unicorn Skin Topper,Flakie Topper,,Topper ,Unicorn Dreams Collection
149,157,2,Holo Taco,Galactic Unicorn Skin,Green Flakie Unicorn Skin Topper,Flakie Topper,,Topper ,Unicorn Dreams Collection
150,158,2,Holo Taco,Lunar Unicorn Skin,Yellow Gold Unicorn Skin Topper,Flakie Topper,,Topper ,Unicorn Dreams Collection
159,159,2,Holo Taco,Cyantific,Baby Blue Pastel ,Crème,,,Unicorn Dreams Collection
160,160,2,Holo Taco,What Do You Pink?,Millennial Pink pastel,Crème,,,Unicorn Dreams Collection
165,161,2,Alchemy Lacquers,Fairy Wings,Baby Pastel Pink with Iridescent Flakies,Jelly,,,
162,162,2,Alchemy Lacquers,Mélange,Pale Gray with Iridescent Flakies,Jelly,,,
145,163,2,Holo Taco,Aurora Unicorn Skin,Purple-Blue Shift to Pink Iridescent Flakies,Flakie Topper,,Topper,Unicorn Skin
146,164,2,Holo Taco,Cosmic Unicorn Skin,Pink-Purple Shift to Yellow-Green Iridescent Flakies,Flakie Topper,,Topper,Unicorn Skin
177,165,2,Holo Taco,Royal Tea Blue,Royal Blue Creme,Crème,,,For Art’s Sake Release
178,166,2,Holo Taco,Green Screen,Shamrock Green Creme ,Crème,,,For Art’s Sake Release
179,167,2,Holo Taco,Banana Hacks,Bright True Yellow Creme,Crème,,,For Art’s Sake Release
180,168,2,Holo Taco,Duct Tape Grey,Neutral Grey Creme,Crème,,,For Art’s Sake Release
170,169,2,Ard as Nails,Spring Paradise,Green with Green Iridescent Flakies,Jelly,,,March 21 PPU
206,170,2,Phoenix (EDK),Occamy,Purple with Blue & Teal Shift & Scaley Flakies,Multichrome,,,March 21 PPU
203,171,2,Night Owl Lacquer,All Aflutter,Black with Burgundy Shift & Blue Iridescent Flakies,Multichrome,,,March 21 PPU
167,172,2,KBShimmer,With the Band,Blue with Green Iridescent Flakies,Jelly,,,March 21 PPU
168,173,2,DRK Colors,Crejoá,Purple Jelly with Rainbow Iridescent Flakies,Jelly,,,March 21 PPU
163,174,2,Alchemy Lacquers,Metamorphosis,Mint Green with Green Iridescent Flakies,Jelly,,,March 21 PPU
201,175,2,Sweet and Sour Lacquers,Lost in Five,Pink Jelly with Multi-colored Chunky Glitter & Glitter Shapes,Jelly & Glitter,,,April 21 PPU
207,176,2,Sassy Sauce,I Love You,Purple (Cold) to Pink (Warm) Thermal with Flakies,Thermal,,Thermal,April 21 PPU
153,177,2,Different Dimensions,Talk to the Hand,White Crelly with Multi-colored Glitter (Glow in the Dark; Black Light Reactive),Crelly,,Glow in the Dark,April 21 PPU
166,178,2,Whatcha,Heart of the Ocean,Navy Blue Jelly with Blue Flakies,Jelly & Glitter,,,April 21 PPU
219,179,2,Beyond the Nail,Butterfly Clips,Fine Purple & Chunky Purple Glitter ,Glitter Bomb,,,April 21 PPU
157,180,2,Phoenix (EDK),Sharp Fangs,Olive Khaki Green & Black Magnetic with Flakies,Magnetic,,Magnetic,April 21 PPU
191,181,2,Holo Taco,Lavender Syrup,Cool Purple Holo,Holo,,,Pastel Rainbow Collection
192,182,2,Holo Taco,Sparkling Water,Cool Blue Holo,Holo,,,Pastel Rainbow Collection
193,183,2,Holo Taco,Mint Mojito,Mint Green Holo,Holo,,,Pastel Rainbow Collection
194,184,2,Holo Taco,Lemon Spritzer,Cool Yellow Holo,Holo,,,Pastel Rainbow Collection
195,185,2,Holo Taco,Peach Tea,Cool Orange Peach Holo,Holo,,,Pastel Rainbow Collection
196,186,2,Holo Taco,Coral Chaser,Pink Red Holo,Holo,,,Pastel Rainbow Collection
197,187,2,Holo Taco,Pink Fizz,Pinky Purple Holo,Holo,,,Pastel Rainbow Collection
174,188,2,Maniology,Orange Burst,Burnt Orange (Pumpkin),Crème,Yes,,Mystery Pack
175,189,2,Maniology,Down the Chimney,Gray with Brown Undertone,Crème,Yes,,Mystery Pack
176,190,2,Maniology,Morning Snow,Jade Teal,Crème,yes,,Mystery Pack
205,191,2,Black Dahlia Lacquer,Flotsam & Jetsam,Light Blue Teal with Blue Glitter,Glitter,,,October 20 PPU (Mystery Pack)
202,192,2,Vanessa Molina,Zombie on Fire,"Purple, Gold, Olive Multichrome",Multichrome,,,June 20 PPU (Mystery Pack)
204,193,2,Night Owl Lacquer,Hot Pants Rain Dance,Blue Gray with Opal Iridescent Glitter,Jelly,,,October 20 PPU (Mystery Pack)
210,194,2,Fancy Gloss,Black Confetti,Black with Rainbow Flakies (Cold) to Clear (Warm),Thermal,,Thermal ,
209,195,2,Fancy Gloss,Black Ocean 2.0,Navy Blue Base with Red Flakies (Cold) to Blue (Warm),Thermal,,Thermal ,
208,196,2,Fancy Gloss,Mixed Berries,Deep Maroon to Lighter Shades of Red (tri-thermal),Thermal,,Thermal ,
211,197,2,Necessary Evil/Paradox Polish,Protection Spell,Bright True Blue with Red Multi-sized glitter,Crelly,,,September 19 PPU; July 20 Rewind (Mystery Pack)
171,198,2,Alchemy Lacquers,Blood Moon,Black base with Red & Purple Flakies,Jelly,,,September 20 PPU (Mystery Pack)
183,199,2,Sweet and Sour Lacquers,Neonidas,Neon Chunky Glitter Topper,Glitter Bomb,,Topper,
172,200,2,Sweet and Sour Lacquers,Prototype 010,Black/Maroon Multichrome with Blue-Green Flakies,Multichrome,,,
173,201,2,Sweet and Sour Lacquers,"All Panic, No Disco",Green-tinged Silver with Iridescent Flakies,Jelly,,,December 20 PPU Overpour
218,202,2,Beyond the Nail,Paparazzi Flash,Blue Jean Glitter Bomb,Glitter Bomb,,,May 21 PPU
212,203,2,Pretty Beautiful Unlimited,It's Too Pretty to Eat,Black base with Rainbow Glitter Flakies & Shapes,Jelly & Glitter,,,May 21 PPU
154,204,2,Dam! Nail Polish,Lactose Intoler…whaat?,Pink-tinged White base with Pastel Glitter & Shapes,Crelly,,,May 21 PPU
186,205,2,Holo Taco,Full Charge,Lime Linear Holo,Holo,,,Electric Holos Collection
187,206,2,Holo Taco,Circuit Breaker,Silver Linear Holo,Holo,,,Electric Holos Collection
188,207,2,Holo Taco,Hydropower,Neon Baby Blue Linear Holo,Holo,,,Electric Holos Collection
189,208,2,Holo Taco,Electrostatic,Black Linear Holo,Holo,,,Electric Holos Collection
190,209,2,Holo Taco,Hot-wire Pink,Neon Magenta Linear Holo,Holo,,,Electric Holos Collection
155,210,2,Penelope Luz,Soap Bubble,Black Based Green-Purple Multichrome Magnetic,Magnetic,,Magnetic,June 21 PPU
213,211,2,Garden Path Lacquers,Mercury in Spectrograde,Purple-Grey Based Multichrome Rainbow Flakies,Flakies,,,June 21 PPU
217,212,2,Beyond the Nail,Rainbow Rare,Gold Micro-glitter Bomb,Glitter Bomb,,,June 21 PPU
198,213,2,Holo Taco,The Floor is Guava,Guava Pink Crème,Crème,,,Life's a Beach Release
199,214,2,Holo Taco,Sea Foam Home,Sea Foam Green Crème,Crème,,,Life's a Beach Release
200,215,2,Holo Taco,One Melon Followers,Melon Peachy-Pink Crème,Crème,,,Life's a Beach Release
214,216,2,KBShimmer,Fruit Slices Yummy Yummy,Melon Peachy-Pink Golden Iridescent Flakies,Flakies,,,July 21 PPU Rewind
226,217,2,Sweet and Sour Lacquers,Summer Days,Soft Yellow with Subtle Yellow Holo,Holo,,,July 21 Monthly Duo
223,218,2,Swamp Gloss,Whoa!,Turquoise to White Thermal with Pink & Blue Matte Glitter & Gold Flakies,Thermal,,Thermal ,April 21 PPU
225,219,2,Night Owl Lacquer,Just a Girl,"Grey/White Crelly with Pink, Yellow & Purple Glitters & Black Shards",Glitter,,,April 21 PPU
221,220,2,The Lady Varnishes,"She Lavas Me, She Lavas Me Not",Navy Blue to Red Multichrome with Copper Metallic Flakies,Multichrome,,,July 21 PPU Rewind
216,221,2,Stella Chroma,Do This Again. Old Fashioned,"Copper, Gold, Pink Shifting Glitter Bomb",Glitter ,,,July 21 PPU Rewind
222,222,2,Dreamland,The King & The Queen,Barely there Robins Egg Blue White with Gold and Rainbow Flakies,Crelly,,,July 21 PPU Rewind
215,223,2,KBShimmer,He Slimed Me!,Neon Green Jelly with Green Iridescent Flakies,Jelly,,,July 21 PPU Rewind
224,224,2,Bluebird Lacquer,The Ryan King,Forest Green with Green Linear Holo,Holo,,,July 21 PPU Rewind
227,225,2,Holo Taco,Way Back Chrome,"Purple, Blue, Teal Multichrome",Multichrome,,,2nd Anniversary Remix Collection
184,226,2,Holo Taco,Everything Taco,"Iridescent Flakies & holographic linear, scattered and Flakies",Flakies,,Topper,2nd Anniversary Remix Collection
228,227,2,Holo Taco,Glitteraly Purple,Pinky Purple Glitter Bomb,Glitter,,,2nd Anniversary Remix Collection
229,228,2,Holo Taco,Rainbow Flood,Deep Eggplant Purple Holo,Holo,,,2nd Anniversary Remix Collection
230,229,2,Holo Taco,Heavy Metal Mixed Tape,Silver Metallic Foil Polish with Gunmetal Base,Foil,,,2nd Anniversary Remix Collection
231,230,2,Bees Knees Lacquers,The Dark One,Purple Holographic Glitter Bomb,Glitter Bomb,,,From Blood and Ash Collection
232,231,2,Bees Knees Lacquers,The Maiden,Red and Silver Holographic Glitter Bomb,Glitter Bomb,,,From Blood and Ash Collection
233,232,2,Bees Knees Lacquers,Princess,Pink and Silver Holographic Glitter Bomb,Glitter Bomb,,,From Blood and Ash Collection
234,233,2,Bees Knees Lacquers,Forever and Always,Gold and Silver Glitter Bomb,Glitter Bomb,,,From Blood and Ash Collection (Mystery)
235,234,2,Bees Knees Lacquers,Ceeren,Silvery Blue Linear Holographic,Holo,,,From Blood and Ash Collection (Mystery)
,Destash,2,Bees Knees Lacquers,You Are My Home (Sold),Royal Blue with Blue Matte Glitter ,Sheer,,,From Blood and Ash Collection
237,236,2,Bees Knees Lacquers,We Shall Rise,Blue Iridescent Topper,Sheer,,Topper,From Blood and Ash Collection
238,237,2,Bees Knees Lacquers,From Blood and Ash,Golden Yellow Iridescent Topper,Sheer,,Topper,From Blood and Ash Collection
239,238,2,Bees Knees Lacquers,Heartmates,Magenta with Magenta Matte Glitter Golden Green Multichrome,Sheer,,,From Blood and Ash Collection
240,239,2,Bees Knees Lacquers,Murderous Little Creature,Green/Teal with Green/Teal Matter Glitter Blue Multichrome,Sheer,,,From Blood and Ash Collection
241,240,3,Pampered Polishes,The Belchers,Deep Green Jelly with White Chunky Glitter,Jelly & Glitter,,,Hella Handmade Creations July '21
242,241,3,Bees Knees Lacquers,Meteorite,Silver with Silver Glitter Green Multichrome,Multichrome,,,Hella Handmade Creations July '21
243,242,3,DRK Colors,Diego,Silver Magnetic Topper with Copper Flakies,Magnetic,,Magnetic Topper,Hella Handmade Creations July '21
244,243,3,Whatcha,Phenomena in the Air,White with Rainbow Iridescent Flakies,Crelly,,,August 21 PPU
245,244,3,Polish Molish,Evergreen,Dark Green with Multi-Sized Emerald Glitters,Jelly & Glitter,,,August (June) 21 PPU
246,245,3,Twisting Nether Lacquers,Rain,"Blue & Silver Multi-Shape, Multi-Size Glitter Bomb",Glitter,,Topper,August 21 PPU
247,246,3,Cadillacquer,Sky on Fire,Magenta Crelly with Red Matte Glitter,Crelly,,,August 21 PPU
248,247,3,Cuticula,Dragon Glass,"Navy Blue Jelly with Red, Blue, Green Glass Flakies",Jelly,,,August 21 PPU
249,248,3,Dany Vianna,Starry Sky,"Blue Jelly with Blue & Yellow Glitters Shapes, Stars & Moons",Jelly & Glitter,,,August 21 PPU
251,249,3,Holo Taco,Bring Me the Teal,Deep Teal Crème,Crème,,,Tea Crémes Collection
252,250,3,Holo Taco,Butterscotch Hop,Bright Butterscotch Crème,Crème,,,Tea Crémes Collection
253,251,3,Holo Taco,Matcha Maker,Sage Green Crème,Crème,,,Tea Crémes Collection
185,252,2,Holo Taco,Gold Flake Taco,Warm-toned metallic gold asymmetrical foil flakes in a clear base,Glitter,,Topper,Tea Crémes Collection
254,253,3,Holo Taco,I'm Over Brew,Deep Burgundy Crème,Crème,,,Tea Crémes Collection
255,254,3,Holo Taco,High Team Hibiscus,Deep Magenta Crème,Crème,,,Tea Crémes Collection
256,255,3,Holo Taco,See Y'all Later Chai,Warm Chai Crème,Crème,,,Tea Crémes Collection
263,256,3,Sweet and Sour Lacquers,Spook Squad,"Royal Purple Jelly with ghost, star, and multicolored diamond glitters",Jelly & Glitter,,,September 21 PPU
250,257,3,Rogue Lacquers,Tricks and Spoopy Treats,"White Crelly with Purple, Green, and Golden Yellow Glitter",Crelly,,,September 21 PPU
262,258,3,Nail Artisan Cosmetics,"Dead, Dead, Deadski",Gunmetal grey silver black magnetic with rainbow iridescent Flakies,Magnetic,,Magnetic,September 21 PPU
261,259,3,Phoenix (EDK),"Are You Gonna Treat, or Not?",Blue Jelly with Large Rainbow Iridescent Flakies,Jelly,,,September 21 PPU
268,260,3,Sweet and Sour Lacquers,Prototype 015,Gunmetal Holo with a red/pink shift,Holo,,,
267,261,3,Sweet and Sour Lacquers,Struck on You,"Glitter bomb with pastel pink, yellow, blue lightning bolts",Glitter Bomb,,,February 21 Duo
266,262,3,Sweet and Sour Lacquers,Princess Punk,Glitter bomb with multi-size pink and black glitter and pink skulls,Glitter Bomb,,,October 21 Duo
265,263,3,Sweet and Sour Lacquers,April Showers,Glitter bomb with blue shards and pink umbrellas,Glitter Bomb,,,April 21 Duo
264,264,3,Sweet and Sour Lacquers,Bone to be Wild,"Glitter bomb with chunky glitter (black), stars, and white skulls",Glitter Bomb,,,October 21 Duo
272,265,3,Swamp Gloss,Nooope,Purple (Cold) to Blue (Warm) Thermal with Purple Flakies,Thermal,,Thermal ,Hella Handmade Creations September '21
270,266,3,Zombie Claw,Warrior Kalona,Grey with Iridescent Flakies,Flakies,,,Hella Handmade Creations September '21
273,267,3,Bees Knees Lacquers,You Mom,Grey with Purple Holo Shift,Multichrome,,,Hella Handmade Creations September '21
274,268,3,My Indie Polish,Phoenix,"Gunmetal Grey, Green, Red Multichrome",Multichrome,,,Polished Gamers Box September '21
271,269,3,NeVerMind ,Get Over Here,Gold and Black Glitters in a Yellow Jelly Base,Jelly & Glitter,,,Polished Gamers Box September '21
275,270,3,Leesha's Lacquers,I Need Some Space,Black Jelly Base with Rainbow Circle Glitters,Jelly & Glitter,,,Polished Gamers Box September '21
269,271,3,Black Dahlia Lacquer,Psychedelic Carpet Ride,Black Jelly Base with Large Pastel Iridescent Flakies,Jelly & Glitter,,,Polished Gamers Box September '21
259,272,3,Holo Taco,Existential Crisis,"Burgundy, Bronze, Yellow Navy Multichrome Holo with Glitter",Glitter Multichrome,,,Birthay 2021 Launch
260,273,3,Holo Taco,Frozen Benanas,Metallic polish with foil flakes and scattered holographic pigment in a light yellow-gold base,Foil,,,Birthay 2021 Launch
276,274,3,Lucky13 Lacquer,The Incident with the Dragon,"Forest Green with Orange, Red, Gold Flakies",Jelly & Glitter,,,October 21 PPU
277,275,3,Vanessa Molina,Water Guardian,"Aqua to White Thermal with Blue, Green Flakies",Thermal,,Thermal ,October 21 PPU
281,276,3,Mooncat/LLP,Raven,Matte Deep Eggplant,Matte,,,Live Love Polish Relaunch
282,277,3,Mooncat/LLP,Ocean Lies,Shifting Baby Blue,Shimmer,,,Live Love Polish Relaunch
283,278,3,Mooncat/LLP,Live Love Transform,Royal Purple with Flakies,Flakies,,,Live Love Polish Relaunch
284,279,3,Cirque Colors,Dream Within a Dream,"Indigo jelly with  magnetic Multichrome  pink, amber, green",Magnetic,,Magnetic,
285,280,3,Cirque Colors,Mobius,"Forest green jelly with  magnetic Multichrome teal, purple, pink",Magnetic,,Magnetic,
286,281,3,Cirque Colors,Paradox,"Dark purple jelly  with  magnetic Multichrome blue, fuchsia, red",Magnetic,,Magnetic,
278,282,3,Vanessa Molina,Are You Ready?,Purple Blue to Sky Blue Thermal with Rainbow Flakies,Thermal,,Thermal ,Polished Gamers Box October '21
291,283,3,Holo Taco,Plum Luck,Silver and magenta holographic glitters in a plum purple ,Jelly & Glitter,,,Cristmas 2021
292,284,3,Holo Taco,Gold Play Button,Gold holographic glitters in a light yellow-gold jelly base,Jelly & Glitter,,,Cristmas 2021
293,285,3,Holo Taco,Everything is Pine,Silver and green holographic glitters in a bright green jelly base,Jelly & Glitter,,,Cristmas 2021
294,286,3,Holo Taco,Choco-Holo,Gold holographic glitters in a brown jelly base,Jelly & Glitter,,,Cristmas 2021
295,287,3,Holo Taco,Black Holo Wish,Silver and black holographic glitters in a black jelly base,Jelly & Glitter,,,Cristmas 2021
296,288,3,Holo Taco,Naughty List,Silver and red holographic glitters in a deep red jelly base,Jelly & Glitter,,,Cristmas 2021
321,289,3,Crystal Knockout,Giggle,"Pink Jelly with Pink Circle, Blue Star, and Silver Micro Glitter",Jelly,,,November 21 PPU
322,290,3,Atomic Polish,Once I Make My Move,Silver and Black Glitter in a Clear Base - Full coverage in 2 coats,Glitter,,,November 21 PPU (Mislabeled) 
301,291,3,Bees Knees Lacquers,The Black Lion,"Black Crelly with Metallic Silver, Gold Flakies",Crelly,,,Empire of the Vampire Collection
302,292,3,Bees Knees Lacquers,Duskdancer,White Crelly with Blue/Green Shift and Silver Microglitters,Crelly,,,Empire of the Vampire Collection
303,293,3,Bees Knees Lacquers,Empress of Wolves and Men (2x),Silver with Green Shift and Green Glitter,Crelly,,,Empire of the Vampire Collection
279,294,3,Vanessa Molina,Burning Soul,Bronze Iridescent Flakies in a Brown Base,Thermal,,Thermal ,Polished Gamers Box November '21
306,295,3,Bees Knees Lacquers,Blood Ilon,"Purple, Green, Blue Flakie Bomb",Flakies,,,Empire of the Vampire Collection
304,296,3,Bees Knees Lacquers,I'm a Fucking Queen,"Teal, Gold, Blue Multichrome with Blue Microglitter",Multichrome,,,Empire of the Vampire Collection
305,297,3,Bees Knees Lacquers,Silversaint,Metallic Brushed Silver with Silver Flakies,Metallic,,,Empire of the Vampire Collection
307,298,3,Bees Knees Lacquers,Blood Dyvok,Green and Burgundy Flakie Bomb (Similar to Blood Voss),Flakies,,,Empire of the Vampire Collection
308,299,3,Bees Knees Lacquers,Blood Voss,Finer Burgundy and Green Flakie Bomb (Similar to Blood Dyvok),Flakies,,,Empire of the Vampire Collection
323,300,3,Phoenix (EDK),I Blow Stuff Up,Hot Pink with Blue Shimmer,Crème,,,Hella Handmade Creations December '21
325,301,3,Sweet and Sour Lacquers,When the Arrow Strikes the Sap,Speckled Black with Red Multichrome Shimmer,Crème,,,Polished Gamers Box December '21
324,302,3,Penelope Luz,Game Room,Purple with Blue Shimmer,Crème,,,Polished Gamers Box December '21
309,303,3,Bees Knees Lacquers,Opposites Attract,Silver Reflective Microglitter Magnetic,Reflective Glitter,,Magnetic,PPMM Group Custom
267,304,3,Holo Taco,Laven-duh,Lavender Crème,Crème,,,Winter Shimmers Collection
258,305,3,Holo Taco,Shady Navy,Navy Blue Crème,Crème,,,Winter Shimmers Collection
297,306,3,Holo Taco,Twilight Shimmer,Blue-Purple Shimmer Topper,Shimmer,,Topper,Winter Shimmers Collection
298,307,3,Holo Taco,Polar Princess,Pink-Yellow Shimmer Topper,Shimmer,,Topper,Winter Shimmers Collection
299,308,3,Holo Taco,Celestial Lights,Green Shimmer Topper,Shimmer,,Topper,Winter Shimmers Collection
326,309,3,Night Owl Lacquer,Sweet & Spicy,Green Metallic with Linear Golden Holo,Metallic,,,January 22 PPU
329,310,3,KBShimmer,Say It Ain't Cilantro,Sage Green Reflective Glitter,Reflective Glitter,,,January 22 PPU
330,311,3,Dany Vianna,Cinnabon Sugah,Sliver and Brown Reflective Glitter,Reflective Glitter,,,January 22 PPU
327,312,3,Cuticula,Chip Chip Hooray,Plum Jelly with Rainbow Flakies (Tostito's Salsa Inspired),Flakies,,,January 22 PPU
328,313,3,Fancy Gloss,Dried Roses,Dusty Green to Blue to Pink Trithermal with Flakies (Looks Like Watermelon),Thermal,,Thermal ,January 22 PPU
331,314,3,Vanessa Molina,Dark Opal,Purple to Blue Multichrome Reflective Glitter Magnetic ,Reflective Glitter,,Magnetic,January 22 PPU
311,315,3,Bees Knees Lacquers,Pure Chaos,Royal Blue Jelly with Red/Pink Flakies,Flakies,,,Witcher Collection
312,316,3,Bees Knees Lacquers,Toss a Coin to Your Witcher,Green Bronze Multichrome with Linear Holo,Holo,,,Witcher Collection
313,317,3,Bees Knees Lacquers,F*ck,Maroon Navy Multichrome with Silver Reflective Glitter,Reflective Glitter,,,Witcher Collection
310,318,3,Bees Knees Lacquers,Forget the Bottle,White Red Orange Multichrome with Silver Reflective Glitter,Reflective Glitter,,,Witcher Collection
334,319,3,Dam! Nail Polish,Five More Minutes,Orange Jelly Base with Orange Reflective Glitter and White Glitter Chunks,Reflective Glitter,,,Snooze Collection
335,320,3,Dam! Nail Polish,Sleep Tight,Blue Jelly Base with Blue Reflective Glitter and White Glitter Chunks ,Reflective Glitter,,,Snooze Collection
336,321,3,Dam! Nail Polish,I Started the Dam Thing,Silver Jelly Base with Silver Reflective Glitter and White and Black Glitter Chunks,Reflective Glitter,,,Snooze Collection
288,322,3,Holo Taco,Here for the Payday,Lime Green Crème,Crème,,,Work/Life Balance Collection
289,323,3,Holo Taco,Bored Meeting,Neon Blue Crème,Crème,,,Work/Life Balance Collection
290,324,3,Holo Taco,Work Bestie,Royal Purple Crème,Crème,,,Work/Life Balance Collection
332,325,3,Phoenix (EDK),I Am Fire,Lilac Jelly with Silver Reflective Glitter and Fire Opal Flakies,Reflective Glitter,,,Hella Handmade Creations February '22
333,326,3,Sweet and Sour Lacquers,Dancing All Night,Silver Rainbow Holo with Purple Multichrome Flakies,Flakies,,,Polished Gamers Box February '22
314,327,3,Bees Knees Lacquers,Perhaps I Should Turn You Into A Toad,Navy Blue/Olive Multichrome with Golden Olive Reflective Glitter,Reflective Glitter,,,Olive Lovers Group Custom April 2022
280,328,3,NeVerMind ,Patina,Copper Blue with Blue and Gold Reflective Glitters and Chunky Gold Flakes,Reflective Glitter,,,April 22 PPU
315,329,3,Bees Knees Lacquers,The River Queen,Deep Teal with Blue Reflective Glitter,Reflective Glitter,,,HOSaB Collection (Mystery)
316,330,3,Bees Knees Lacquers,The Hind,Forest Green with Gold Reflective Glitter,Reflective Glitter,,,HOSaB Collection (Mystery)
317,331,3,Bees Knees Lacquers,Prince of Nothing,"Purple, Gold Multichome",Multichrome,,,HOSaB Collection
318,332,3,Bees Knees Lacquers,We'll Carve Our Own Paths,"Rose, Gold, Green Multichrome",Multichrome,,,HOSaB Collection
319,333,3,Bees Knees Lacquers,Captain Whatever,"Bronze, Green Multichrome",Multichrome,,,HOSaB Collection
341,334,3,Bees Knees Lacquers,Where are the Dead Bodies,"Clear base with gold to green sibling UP shimmer, with sky blue light reflective glitter",Reflective Glitter,,,Lore Olympus Collection
342,335,3,Bees Knees Lacquers,The Hellhound,smoky charcoal jelly base loaded with red to green unicorn pee pigment and silver light reflective glitters,Reflective Glitter,,,HOSaB Collection (Mystery)
337,336,3,Lucky13 Lacquer,I Move the Stars for No One,Lilac with holographic glitter; Glows in the Dark,Glow in the Dark,,,May 22 PPU
343,337,3,Bees Knees Lacquers,Jesiba,Smokey Amethyst with Silver Reflective Glitter,Reflective Glitter,,,HOSaB Collection (Mystery)
346,338,3,Bees Knees Lacquers,Paladin Mike,Aqua with Gold Shimmer and Reflective Glitter,Reflective Glitter,,,Tina's Tiny Wonderland Collection
347,339,3,Bees Knees Lacquers,Crit Happens,Golden Yellow with Reflective Glitter,Reflective Glitter,,,Tina's Tiny Wonderland Collection
381,341,4,Paint Box,Like Lilac,Pastel Lilac Purple,Crème,,,Marie Birthday Gift 2022
382,342,4,Paint Box,Like Muse,Vivid Magenta Purple,Crème,,,Marie Birthday Gift 2022
300,343,3,Bees Knees Lacquers,Doomicorn,Pale Purple to Blue Shimmer,Shimmer,,,July 22 PPU Rewind
338,344,3,Night Owl Lacquer,Candy Coated,Soft Blue-Purple with Rainbow Flakies,Flakies,,,July 22 PPU Rewind
339,345,3,Phoenix (EDK),Poppies? Blue Poppies?,Blue Reflective Glitter Chunky Topper,Reflective Glitter,,Topper,July 22 PPU Rewind
340,346,3,NeVerMind ,Make for the Bridge,Steel Grey with Coppery Red Flakies,Flakies,,,July 22 PPU Rewind
470,347,4,Holo Taco,Reflective Taco,Silver Reflective Glitter Topper,Reflective Glitter,,Topper,3rd Anniversary Gala Collection
367,348,4,Holo Taco,Blacklisted,Black Metallic Foil with Scattered Holo,Holo,,,3rd Anniversary Gala Collection
368,349,4,Holo Taco,Smokeshow,Grey Jelly Base with Different Size & Shape Holo Glitters,Glitter,,,3rd Anniversary Gala Collection
369,350,4,Holo Taco,Highest Bidder,Silver-grey scattered holographic,Holo,,,3rd Anniversary Gala Collection
370,351,4,Holo Taco,Featured Guest,Dove Grey to White Linear Holo,Holo,,,3rd Anniversary Gala Collection
348,352,4,Bees Knees Lacquers,Crowded AF,"Purple, Blue Multichrome with Red Reflective Glitter",Reflective Glitter,,,Hella Handmade Creations May 2022
349,353,4,Bees Knees Lacquers,Imugi,Pale Green with a Blue Shimmer and Green Reflective Glitter,Reflective Glitter,,,March 22 Monthly Monster 
350,354,4,Bees Knees Lacquers,RIP Bulbasaur,Sheer Teal with Blue Flakies,Flakies,,,Rainbow Connection UK Custom
383,355,4,Black Dahlia Lacquer,Immortal Glow,Pinky White Pearl with Gold and Pink Reflective Glitters,Reflective Glitter,,,August 22 PPU
384,356,4,Crystal Knockout,Sea Serendipity,Silver with Pink Shimmer and Holo Rainbow Glitter,Holo,,,August 22 PPU
385,357,4,Sweet and Sour Lacquers,Don't Fear the Reefer,"Black with Purple, Pink, Bronze Flakies",Flakies,,,August 22 PPU
375,358,4,Mooncat/LLP,Amuck! Amuck! Amuck!,Purple magnetic lacquer with blue iridescent Flakies,Magnetic,,,Hocus Pocus 2 Collection
376,359,4,Mooncat/LLP,Dab of Newt,Lime green magnetic lacquer with teal iridescent Flakies,Magnetic,,,Hocus Pocus 2 Collection
377,360,4,Mooncat/LLP,Melaka Mystica,Navy Purple magnetic lacquer with pink iridescent Flakies,Magnetic,,,Hocus Pocus 2 Collection
378,361,4,Mooncat/LLP,Reclaim the Flame,Crimson magnetic lacquer with pink iridescent Flakies,Magnetic,,,Hocus Pocus 2 Collection
379,362,4,Mooncat/LLP,Black Flame Candle,Black magnetic lacquer with pink iridescent Flakies,Magnetic,,,Hocus Pocus 2 Collection
380,363,4,Mooncat/LLP,"We're Back, Witches",Emerald black magnetic lacquer with lime green iridescent Flakies ,Magnetic,,,Hocus Pocus 2 Collection
358,364,4,Holo Taco,Double Dare,Black Red Multichrome with Red Reflective Glitter,Reflective Glitter,,,Birthday 2022 Launch
366,365,4,Holo Taco,Favorite Sister,Bright Red Foil,Foil,,,Birthday 2022 Launch
287,366,4,Holo Taco,Resting Witch Face,Cool Purple,Crème,,,Birthday 2022 Launch
386,367,4,Baroness X,Sequins & Bubbly,Steel Grey with Rainbow Glitter and Silver Reflective Glitter,Reflective Glitter,,,October 22 PPU
387,368,4,Paint It Pretty,"10,000 Years Will Give You Such a Crick in the Neck",Blue with Blue Green Flakies,Flakies,,,October 22 PPU
388,369,4,BCB Lacquers,"See, You Missed Your Mock Window ",Black Base with Emerald Flakies,Flakies,,,October 22 PPU
389,370,4,Sassy Cats,Respect the Suit,Grey with Blue Glitter and Flakies,Flakies,,,October 22 PPU
411,371,4,Bees Knees Lacquers,Law of Surprise,Royal Blue with Pink/Purple Shift,Holo,,,Witcher Collection
320,372,4,Bees Knees Lacquers,Lady of Flame,Red with Orange Gold Shift,Shimmer,,,Gift from Chi-Chi
390,373,4,Vanessa Molina,Let's Boogie Up,Dark Purple Green Shift Magnetic Gold Stripe,Magnetic,,,September 22 PPU
391,374,4,Dany Vianna,That Wicked Witch,Black with Baby Pink and Silver Reflective Glitter,Reflective Glitter/GitD,,,September 22 PPU
392,375,4,Dainty Digits ,Cute Little Son of a Witch,Blue Green Teal Shift with Silver Reflective Glitter,Reflective Glitter,,,September 22 PPU
393,376,4,Wildflower Lacquer,Ghostly Good Time,Purple Jelly with Multi-Colored Glass Flakies,Flakies,,,September 22 PPU
394,377,4,Phoenix (EDK),Never Gets Old,Blue with Red Gold Shift and Shards,Glitter,,,Hella Handmade Creations September '22
395,378,4,Phoenix (EDK),Lotus Easters,Purple Jelly with Blue and Orange Glass Flakies,Flakies,,,Hella Handmade Creations September '23
351,379,4,Holo Taco,Lost in the Woods,Hunter Green Linear Holo,Holo,,,Dark Rainbow Collection
352,380,4,Holo Taco,Sunken Secrets,Dark Blue Linear Holo,Holo,,,Dark Rainbow Collection
353,381,4,Holo Taco,Violet Nightmares,Royal Purple Linear Holo,Holo,,,Dark Rainbow Collection
354,382,4,Holo Taco,Dead Petals,Maroon Linear Holo,Holo,,,Dark Rainbow Collection
355,383,4,Holo Taco,Crimson Void,Dried Blood Linear Holo,Holo,,,Dark Rainbow Collection
356,384,4,Holo Taco,Burnt Bridges,Brown Linear Holo,Holo,,,Dark Rainbow Collection
357,385,4,Holo Taco,Amber Apathy,Old Gold Linear Holo,Holo,,,Dark Rainbow Collection
396,386,4,Lilypad Lacquer,That's a Pretty Ugly Sweater,Blue with Copper Maroon Flakies,Flakies,,,November 22 PPU
412,387,4,Bees Knees Lacquers,It Is My Punishment,Blackened Violet with Silver Reflective Glitter,Reflective Glitter,,,WWDiTS 3 Collection
413,388,4,Bees Knees Lacquers,Examine My Massive Dowry ,Blue with Orange Shimmer,Shimmer,,,WWDiTS 3 Collection (GWP)
414,389,4,Bees Knees Lacquers,Weaver of the Woods 2.0,Olive Green with Gold Flakies,Flakies,,,A Court of Pain & Feels 2.0 Mystery
415,390,4,Bees Knees Lacquers,Death & Fury,Plum with Sliver Scattered Holo,Holo,,,Kingdom of the Wicked (GWP)
344,391,4,Bees Knees Lacquers,Agent Silverbow,Hot Pink with Plummy Blue Shimmer,Shimmer,,,HOSaB Collection (Mystery)
416,392,4,Bees Knees Lacquers,Wait for Me Where the Land Meets the Sea,Turquoise with Aqua Reflective Glitter,Reflective Glitter,,,The Girl Who Fell Beneath the Sea Mystery
417,393,4,Bees Knees Lacquers,Well of Memory,Bright Blue with Blue Shimmer,Shimmer,,,Kingdom of the Wicked (GWP)
,Destash,4,Bees Knees Lacquers,Star Witch (Traded),Deep Purple with Blue Green Shimmer,Shimmer,,,Kingdom of the Wicked (GWP)
419,395,4,Bees Knees Lacquers,Arachnomancy,Deep Moody Purple with Burning Ghost Flakes,Flakies,,,Magic Collection
345,396,4,Bees Knees Lacquers,Dusk's Truth,Royal Blue with Gold Reflective Glitter,Reflective Glitter,,,HOSaB Collection
401,397,4,Olive & June,Obvi,Gold Glitter with Rainbow Glitter Mix,Glitter,,,Olive & June Advent Calendar 2022
402,398,4,Olive & June,Besties,Teal,Crème,,,Olive & June Advent Calendar 2022
403,399,4,Olive & June,OJSM,Silvery Copper,Metallic,,,Olive & June Advent Calendar 2022
468,400,4,Holo Taco,Red Flake Taco,Red Foil Flake Topper,Foil,,Topper,12 Days of Cristmas 2022
469,401,4,Holo Taco,Silver Flake Taco,Silver Foil Flake Topper,Foil,,Topper,12 Days of Cristmas 2022
456,402,4,BCB Lacquers,Snowveralls,Neon Magenta with Black Speckles and Purple Flakies,Crelly,,,Indie Mixed Tapes Advent Calendar 2022
457,403,4,Swamp Gloss,Moonboots Looking Good,Light Blue Crelly with Light and Dark Blue Speckles and Glitter Pieces,Crelly,,,Indie Mixed Tapes Advent Calendar 2022
458,404,4,Swamp Gloss,Clarissa Explains It All,"Teal Crelly with Blue, Pink, Yellow Chunky Octagon Glitter and Iridescent Flakies",Crelly,,,Indie Mixed Tapes Advent Calendar 2022
459,405,4,BCB Lacquers,Let's Build a Snow Fort,Silvery White with Golden Holo,Holo,,,Indie Mixed Tapes Advent Calendar 2022
460,406,4,Swamp Gloss,How to Talk to Your Crush,Black Jelly Base with Burgundy Flakies,Flakies,,,Indie Mixed Tapes Advent Calendar 2022
461,407,4,BCB Lacquers,What Fun is There is Making Any Sense?,Blueish Silver Rainbow Holographic,Holo,,,Indie Mixed Tapes Advent Calendar 2022
462,408,4,Swamp Gloss,You'll Have to Live with the Partridge Family,Black to Blue Thermal Crelly with Pink and Blue Matte Pieces,Thermal,,,Indie Mixed Tapes Advent Calendar 2022
463,409,4,BCB Lacquers,IDK Let Me Check My Mood Ring,Teal with Blue Magnetic with Reflective Glitter,Magnetic,,,Indie Mixed Tapes Advent Calendar 2022
464,410,4,Swamp Gloss,Couple's Skate Only,Royal Blue with Red/Purple Shimmer and Aqua Reflective Glitter,Glow in the Dark,,,Indie Mixed Tapes Advent Calendar 2022
465,411,4,BCB Lacquers,I Killed the Teen Dream. Deal With It.,Eggnog Crelly with Rainbow Foil Glitter,Crelly,,,Indie Mixed Tapes Advent Calendar 2022
466,412,4,Swamp Gloss,We Need More TP,Black Holo,Holo,,,Indie Mixed Tapes Advent Calendar 2022
467,413,4,BCB Lacquers,Am I Being Punked Right Now?,Peachy Orange Holo,Holo,,,Indie Mixed Tapes Advent Calendar 2022
404,414,4,Olive & June,HD,Solid White Crème,Crème,,,Olive & June Advent Calendar 2022
420,415,4,Bees Knees Lacquers,House Vengeance,Dusty Rose Holo with Green Shimmer,Holo,,,Kingdom of the Wicked
421,416,4,Bees Knees Lacquers,As Above So Below,Deep Violet with Blue Shimmer and Holo,Holo,,,Kingdom of the Wicked
422,417,4,Bees Knees Lacquers,Fury in the Flesh,Peach with Green Shimmer,Shimmer,,,Kingdom of the Wicked (GWP)
423,418,4,Bees Knees Lacquers,Beware the Snallygaster,Marigold Yellow with Sparkly Blue Green Shimmer and Silver Blue Flakies,Flakies,,,Yellow Lovers Custom October 2021
405,419,4,Olive & June,CV,True Red,Crème,,,Olive & June Advent Calendar 2022
406,420,4,Olive & June,GH,Baby Pink,Crème,,,Olive & June Advent Calendar 2022
407,421,4,Olive & June,Obsessed,Merlot Maroon,Crème,,,Olive & June Advent Calendar 2022
424,422,4,Bees Knees Lacquers,The Erlking,Royal Purple with Strong Red Shimmer,Shimmer,,,December 22 PPU
397,423,4,Moo Moo's Signatures,The End is Just the Beginning,"White Crelly with Blue, Green, and White Glitters and Pieces",Crelly,,,December 22 PPU
398,424,4,Cuticula,Pixie Glass,"Pastel Lavender with Red, Blue, Green Glass Flakies",Crelly,,,December 22 PPU
425,425,4,Bees Knees Lacquers,Tell Me I'm Your Favorite Sin,Blackened indigo with extra sparkly red to green shimmer,Shimmer,,,Kingdom of the Wicked
426,426,4,Bees Knees Lacquers,"I Believe I'm Powerful, Therefore I Am",Blackened green with red to green ghost flakes and black light reflective glitter,Reflective Glitter,,,Kingdom of the Wicked
363,427,4,Holo Taco,Oat Couture,Ivory Oat Hued,Crushed Holo,,,Holo Barista Bundle
362,428,4,Holo Taco,Blushed Ice,Blush/Rose Gold Nude,Crushed Holo,,,Holo Barista Bundle
361,429,4,Holo Taco,Holo Cappuccino,Medium Tan to Brown,Crushed Holo,,,Holo Barista Bundle
360,430,4,Holo Taco,Need I Say Mocha,True Brown,Crushed Holo,,,Holo Barista Bundle
359,431,4,Holo Taco,Espresso Your Holo,Dark Black Brown,Crushed Holo,,,Holo Barista Bundle
427,432,4,Bees Knees Lacquers,Thou Shalt Suffer for This,black to red Multichrome with silver reflective glitter,Reflective Glitter,,,Empire of the Vampire Collection
428,433,4,Bees Knees Lacquers,To Finding My Destiny,Dark plum with Glowy purple flakes,Flakies,,,AHS: Red Tide
429,434,4,Bees Knees Lacquers,Dark Secrets,Blackened olive nail polish with silver to blue iridescent flakes,Flakies,,,Fear Street 
430,435,4,Bees Knees Lacquers,Sunflowers,Light Green with Golden Shimmer and Reflective Glitter,Reflective Glitter,,,Ukrainian Charity Polish
431,436,4,Bees Knees Lacquers,Arion 2.0,Teal to Emerald Multichrome with Blue Shimmer,Shimmer,,,Lore Olympus Collection
432,437,4,Bees Knees Lacquers,Sloth,Pale Silvery Blue with Holo Flakes,Flakies,,,Kingdom of the Wicked (Mystery)
433,438,4,Bees Knees Lacquers,Cheers to Five Years,A rich violet with green iridescent flakes and emerald light reflective glitter,Reflective Glitter,,,Respawnapalooza Mystery
434,439,4,Bees Knees Lacquers,Dreams That Are Answered,white with Glowy blue shimmer and multicolor iridescent flakes,Flakies,,,A Court of Pain & Feels 2.0 Mystery
435,440,4,Bees Knees Lacquers,I Miss the Fish Cellar,Mid-toned blue with red to green ghost flakes and reflective glitter,Ghost Flakes/Reflective Glitter,,,Six Crimson Cranes
436,441,4,Bees Knees Lacquers,A Ghost is a Wish,Mauve with Glowy Purple Shimmer,Crème,,,Haunting of Hill House 3rd Anniversary
437,442,4,Bees Knees Lacquers,Fit for a Queen,"pale yellow with gold iridescent flakes, Holo flakes, and matte black flakes",Flakies,,,WWDiTS 3 Collection
438,443,4,Bees Knees Lacquers,That Awkward Age,charcoal gray with red to green shimmer and a ton of Holo flakes,Flakies,,,WWDiTS 3 Collection
531,444,4,KBShimmer,Tastes Like,Purple with Glass Flakies,Flakies,,,February 23 PPU
532,445,4,Crystal Knockout,"What, Like It's Hard?",Pink to White Thermal with Rainbow Flakies and Glitter Shimmer,Thermal,,,February 23 PPU
533,446,4,Ethereal,Aphrodite,Pinky Silvery Flakie Textured Holographic,Flakies,,,
534,447,4,Ethereal,Gemini,Raspberry with Ghost Flakies,Flakies,,,Monthly Zodiac
535,448,4,Black Dahlia Lacquer,Liara,Purple Ghost Flake Holographic,Flakies,,,Polished Gamers Box December '22
536,449,4,Glam Polish,Rainbow Colors Will Cheer You Up,White Crelly with Rainbow Chunky Matte Glitter,Glitter,,,
439,450,4,Bees Knees Lacquers,There's My Grumpy Shadow Prince,Blue/Green Multichrome with Black Light Reflective Glitter,Reflective,,,These Hollow Vows Collection
440,451,4,Bees Knees Lacquers,Uni-cornucopia ,Lilac Ultra Holo,Holo,,,
441,452,4,Bees Knees Lacquers,Ohio,Blurple Holo,Holo,,,Charity Polish
442,453,4,Bees Knees Lacquers,Turkiye,Sheer Turquoise with Red Shimmer and Glitter,Glitter,,,Charity Polish
443,454,4,Bees Knees Lacquers,Syria,Red with Red Glitter Holo/Shimmer,Holo,,,Charity Polish
444,455,4,Bees Knees Lacquers,Love Hurts,Pastel Lilac with Glowy Shimmer,Shimmer,,,Hella Handmade Creations February '23
445,456,4,Bees Knees Lacquers,Choice is Powerful,White with Gold Shimmer and Holo,Shimmer,,,Kingdom of the Wicked
471,457,4,Holo Taco,World's First,Silver Chrome Metallic,Metallic,,Special Base/Application,One Coat Chrome Collection
472,458,4,Holo Taco,Trophy Life,Gold Chrome Metallic,Metallic,,Special Base/Application,One Coat Chrome Collection
473,459,4,Holo Taco,Aquafoil,Pastel Teal Chrome Metallic,Metallic,,Special Base/Application,One Coat Chrome Collection
474,460,4,Holo Taco,Iron Violet,Lavender Chrome Metallic,Metallic,,Special Base/Application,One Coat Chrome Collection
475,461,4,Holo Taco,Pink Steel,Pastel Pink Chrome Metallic,Metallic,,Special Base/Application,One Coat Chrome Collection
537,462,4,Krisable Designs,Kiss Me in the Rain,Purple Thermal with Blue/Aqua Ghost Flakies,Thermal,,,March 23 PPU
446,463,4,Bees Knees Lacquers,How Many Lives Does This Guy Have,Blurple with Gold/Silver Reflective Holo,Reflective,,,March 23 PPU
626,464,4,Ethereal,Coffee Cloud,Purple Greige with Blue Shimmer,Crème,,,March 23 PPU
447,465,4,Bees Knees Lacquers,Lust,Silver Linear Holo with Multichrome Flakes,Holo,,,Kingdom of the Wicked (Mystery)
448,466,4,Bees Knees Lacquers,Greed,Bronze with Red/Green Shift and Holo,Holo,,,Kingdom of the Wicked (Mystery)
449,467,4,Bees Knees Lacquers,Gluttony,Copper with Blue/Green Shift and Holo,Holo,,,Kingdom of the Wicked (Mystery)
450,468,4,Bees Knees Lacquers,Envy,Grass Green with Red/Green Shift and Holo,Holo,,,Kingdom of the Wicked (Mystery)
451,469,4,Bees Knees Lacquers,You're Not Unlovable,Robin's Egg Blue with Scattered Holo and Shimmer,Holo,,,Everything Everywhere (Mystery)
452,470,4,Bees Knees Lacquers,Raccaoonie,Sheer Spring Blue with Red/Green Shimmer,Shimmer,,,Everything Everywhere (Mystery)
453,471,4,Bees Knees Lacquers,I Will Cherish These Specks of Time (Unmagnetized),Pale Grey with Silver Magnetic Flakes,Magnetic,,,Everything Everywhere (Mystery)
409,472,4,Notre Dame,Notre Dame Navy,Navy Blue Crème,Crème,,,Easter Gift
410,473,4,Notre Dame,Notre Dame Old Gold,Gold Crème,Crème,,,Easter Gift
399,474,4,Sweet and Sour Lacquers,Psychedelic Pspace,"Purple Jelly with pink iridescent flakes, with a splash of neon green, neon blue, and black matte glitters",Glow in the Dark,,,We All Glow Custom
371,475,,Cirque Colors,Lime Jelly,Lime Jelly ,Jelly,,,Sea Glass Nail Art Set
372,476,,Cirque Colors,Aqua Jelly,Aqua Jelly,Jelly,,,Sea Glass Nail Art Set
373,477,,Cirque Colors,Cobalt Jelly,Cobalt Blue Jelly,Jelly,,,Sea Glass Nail Art Set
374,478,,Cirque Colors,Crystal Tokyo,Pink Glitter Topper,Glitter,,Topper,
454,479,4,Bees Knees Lacquers,Velaris,Blue Black Multichrome with  Gold Reflective Glitter,Reflective Glitter,,,March 22 PPU
455,480,4,Bees Knees Lacquers,Area 51,Matte Green with Green Shimmer,Shimmer ,,,AHS: Red Tide (Mystery)
581,481,5,Mooncat/LLP,Pangea,Matte ultra dark blue lacquer filled with color-shifting green-to-orange-to-red ULTRA-fine Flakies,Matte,,,Pretty Prehistoric Set
582,482,5,Mooncat/LLP,Tectonic Shift,Matte seafoam green lacquer jam-packed with color-shifting yellow-to-orange-to-pink ULTRA-fine Flakies,Matte,,,Pretty Prehistoric Set
583,483,5,Mooncat/LLP,Triceratops,Matte charcoal gray lacquer filled with color-shifting blue-to-green iridescent Flakies,Matte,,,Pretty Prehistoric Set
584,484,5,Mooncat/LLP,Raaawr!,Matte lavender lacquer filled with iridescent Flakies ,Matte,,,Pretty Prehistoric Set
585,485,5,Mooncat/LLP,Tyrannosaurus Hex,Matte green lacquer filled with green Multichrome Flakies and jam-packed with reflective glitter,Matte,,,Pretty Prehistoric Set
586,486,5,Mooncat/LLP,Velociraptor,Matte dark teal lacquer filled with color-shifting orange-to-purple iridescent Flakies and reflective glitter,Matte,,,Pretty Prehistoric Set
587,487,5,Mooncat/LLP,Sabretooth,Matte baby blue lacquer filled with bright blue shimmer,Matte,,,Pretty Prehistoric Set
588,488,5,Mooncat/LLP,Molten Lava,Matte coral orange lacquer jam-packed with color-shifting red-to-coral-to-orange ULTRA-fine Flakies and reflective glitter,Matte,,,Pretty Prehistoric Set
476,489,5,Holo Taco,Royal Crush,Medium purple frosted metal polish with scattered holographic pigment,Foil,,,Holo Royalty Debut Trio
477,490,5,Holo Taco,Glamethyst,Light purple holographic glitter and green shimmer polish,Crushed Holo,,,Holo Royalty Debut Trio
478,491,5,Holo Taco,Toe Beans,Pale pink linear holographic and pink shimmer polish,HoloShimmer,,,Holo Royalty Debut Trio
481,492,5,Holo Taco,Never Tide Down,Turquoise Jelly with Crushed Holo and Reflective Glitters,Reflective Glitter,,,Vacation Collection
482,493,5,Holo Taco,Tax Haven,Brown Multichrome with Reflective Glitter,Reflective Glitter,,,Vacation Collection
483,494,5,Holo Taco,Private Villa,Red Pink Jelly with Shimmer and Reflective Glitter,Reflective Glitter,,,Vacation Collection
484,495,5,Holo Taco,Beach Please,Sandy Jelly with Holographic and Golden Reflective Glitters,Reflective Glitter,,,Vacation Collection
485,496,5,Holo Taco,Late Checkout,Purple Indigo Jelly Shimmer with Gold Reflective Glitter,Reflective Glitter,,,Vacation Collection
561,497,5,Bees Knees Lacquers,One Million Perfect Roses,Pink Glitter with Green Shimmer,Glitter,,,Lore Olympus Collection
539,498,5,Cupcake Polish,Funfetti,White Crelly with Foil Confetti Flakes,Crelly,,,May 23 PPU
540,499,5,KBShimmer,Straight to the Pint,Pastel Pink Crelly with Matte Dot Glitter,Crelly,,,May 23 PPU
541,500,5,Necessary Evil/Paradox Polish,Just Chillin,Dark Lavender (Cold) to Pink (Warm) Thermal with Dot Glitter and Stars,Thermal,,,May 23 PPU
562,501,5,Bees Knees Lacquers,Nightshade,Deep Violet with Green/Blue Sibling UP,Multichrome,,,UP Rainbows and Unicorn Pee Custom
563,502,5,Bees Knees Lacquers,Foxglove,Mid-toned purple with OG UP and Silver Reflective Glitter,Reflective Glitter,,,UP Rainbows and Unicorn Pee Custom
542,503,5,Ethereal,Pisces,Blue with Pink/Red Flakies,Flakies,,,Monthly Zodiac
704,504,5,Holo Taco,Flash Drive,Purple Magenta Multichrome Shimmer,Multichrome Shimmer,,,Lite Mode Collection
365,505,5,Holo Taco,Cold Slate,Steel Grey Blue,Crème,,,Fire and Ice Collection
491,506,5,Holo Taco,Queen's Curse,Purple on Purple Magnetic,Magnetic,,,Magnetic Magic Collection
492,507,5,Holo Taco,Twice in a Blue Moon,Blue on Blue Magnetic,Magnetic,,,Magnetic Magic Collection
493,508,5,Holo Taco,Love Spell,Red on Red Magnetic,Magnetic,,,Magnetic Magic Collection
494,509,5,Holo Taco,Fairy Tail,Brown on Tan Magnetic,Magnetic,,,Magnetic Magic Collection
543,510,5,Swamp Gloss,Sunset with Teeth,Pale Blue with Pink Shimmer,Shimmer,,,Stardust Shimmer Flora & Fauna 
544,511,5,Kathleen & Co,Wild Pink Beta,Bright Pink with Blue/Purple Shimmer,Shimmer,,,Stardust Shimmer Flora & Fauna 
564,512,5,Bees Knees Lacquers,Don't be Jelly,Purple with Blue Shimmer,Shimmer,,,Stardust Shimmer Flora & Fauna 
565,513,5,Bees Knees Lacquers,They're Coming for the Snail,Black with Microflake shimmers in green/blue pink/gold and green magnetics,Magnetic,,,June 23 PPU
545,514,5,Zombie Claw,I Wanna Have Boobies,Pale Baby Pink with Light Blue Shimmer,Sheer,,,June 23 PPU
546,515,5,Sassy Sauce,Are You Ready?,Pale Purple Holo,Holo,,,June 23 PPU
547,516,5,LynB Designs ,Tummy Why? Ain't Nothin' But a Fart. Hey. ,Pale Baby Blue with Silver Reflective Glitter,Reflective Glitter,,,June 23 PPU
571,517,5,Mooncat/LLP,Bread-and-Butterflies,Golden Yellow with pink/green/gold Flakies and Holo Glitter; Green Magnetic Effect,Magnetic,,,Alice in Wonderland Collection
572,518,5,Mooncat/LLP,Do You Play Croquet?,"Orchid Pink with Flakies, Shimmer, Reflective and Holo Glitter",Reflective Glitter,,,Alice in Wonderland Collection
573,519,5,Mooncat/LLP,Cheshire Cat,Purple with Flakies and Holo Glitter; Pink Magnetic Effect,Magnetic,,,Alice in Wonderland Collection
574,520,5,Mooncat/LLP,I Wish I Hadn't Cried So Much,Light Blue with Flakies and Holo Glitter,Flakies,,,Alice in Wonderland Collection
575,521,5,Mooncat/LLP,Mad Hatter,Black with Flakies and Holo Glitter; Green Magnetic Effect,Magnetic,,,Alice in Wonderland Collection
576,522,5,Mooncat/LLP,A Very Merry Unbirthday,Purple with Blue Shimmer and Multichrome Flakes,Multichrome,,,Alice in Wonderland Collection
566,523,5,Bees Knees Lacquers,"Sunrise, Sunset",Black Base with Strong Red/Green Shimmer and Holo Flakies,Reflective Glitter,,,WWDiTS 3 Collection
548,524,5,Death Valley Nails,Amethyst ,"AMETHYST: Unaweep Canyon, CO ",Dust to Dust,,,Dust to Dust Collection
549,525,5,Death Valley Nails,Green Opal,"GREEN OPAL STONE: Winnemucca, NV ",Dust to Dust,,,Dust to Dust Collection
486,526,5,Holo Taco,Be Kind Rewind,Neon Blue Jelly with Scattered Holo,Jelly,,,4th Anniversary Retro Collection
487,527,5,Holo Taco,Life in Plastic,Neon Pink Jelly with Scattered Holo,Jelly,,,4th Anniversary Retro Collection
488,528,5,Holo Taco,Hi-Def,Neon Yellow Jelly with Scattered Holo,Jelly,,,4th Anniversary Retro Collection
489,529,5,Holo Taco,Anti-Hero,Neon Purple Jelly with Scattered Holo,Jelly,,,4th Anniversary Retro Collection
490,530,5,Holo Taco,Box Office Bomb,Neon Orange Jelly with Scattered Holo,Jelly,,,4th Anniversary Retro Collection
550,531,5,Cirque Colors,Dove Jelly,Dove Grey Jelly,Jelly,,,
551,532,5,Cirque Colors,Lullaby,"20 soft, muted types of sparkling glitter in a clear base",Glitter,,,
552,533,5,Cirque Colors,XX,20 bright NYE types of sparkling glitter in a clear base,Glitter,,,
553,534,5,Cirque Colors,Kaleidoscope,20 bright primary  types of sparkling glitter in a clear base,Glitter,,,
567,535,5,Bees Knees Lacquers,The Bleeding Heart,Pale purple with reg/green shift and Holo flakes,Holo,,,Kingdom of the Wicked (GWP)
568,536,5,Bees Knees Lacquers,I Will Devour All of You,Pale Grey with Glowy blue shimmer and Holo flakes,Holo,,,Resident Evil Village
569,537,5,Bees Knees Lacquers,Monsters Could be Created but Never Tamed,Purple  with Blue Shimmer and Holo Flakes ,Holo,,,Kingdom of the Wicked
570,538,5,Bees Knees Lacquers,Your Soul Calls to Mine,White with pink to gold green shimmer and Holo,Shimmer,,,Kingdom of the Wicked (GWP)
560,539,5,Bees Knees Lacquers,Maui,Dark Blue Shimmer,Multichrome,,,Lahaina Wildfire Charity
554,540,5,Sweet and Sour Lacquers,Banana,Neon Yellow Jelly with Yellow Flakies,Flakies,,,Rock Candy Summer '23
555,541,5,Sweet and Sour Lacquers,Green Apple,Neon Green Jelly with Green Flakies,Flakies,,,Rock Candy Summer '23
559,542,5,Pahlish,Molokini,Lemon Lime Green with Shimmer and Reflective Glitter,Holo,,,Lahaina Wildfire Charity
558,543,5,Ethereal,Maui,Glowy Lavender with Pink Shimmer,Shimmer,,,Lahaina Wildfire Charity
479,544,5,Holo Taco,Greyt,Gunmetal Grey,Crème,,,Julien Collection
556,545,5,Sweet and Sour Lacquers,Wild Strawberry,Neon Pinky/Red Jelly with Pink Flakies,Flakies,,,Rock Candy Summer '23
400,546,4,Sweet and Sour Lacquers,Almost Orgasmic,Olive Green with Red/Green Shimmer,Crème,,,Oops August 23 LE
557,547,5,Prism Polish,You Had Me at Hydrangea,Hydrangea blue with large iridescent Flakies,Flakies,,,
577,548,5,Fancy Gloss,50 Shades of Grey,Dark to light grey thermal with linear Holo,Thermal,,,
578,549,5,Fancy Gloss,Prototype 2023_1,Pale Lavender Crème,Crème,,,Mystery Prototype
579,550,5,Fancy Gloss,Prototype 2023_2,Purgly Light Purple with Strong Green Shimmer,Shimmer,,,Mystery Prototype
580,551,5,Fancy Gloss,Prototype 2023_3,Cornflower blue Crelly with bronze Flakies,Flakies,,,Mystery Prototype
521,552,,Death Valley Nails,A Spent Bloom,Slate Grey With Multichrome Micro-flakes.,Flakies,,,Death to Death Collection
522,553,,Bluebird Lacquer,Rollin' with My Chrome-ies,Neon Baby Blue with Chrome Pink/Yellow Aurora Shimmer,Shimmer,,,August 23 PPU
523,554,,Phoenix (EDK),Sixth Station,Purple with Golden Aurora Shimmer,Shimmer,,,August 23 PPU
524,555,,MTK Designs,Dream Within,Royal Purple with Blue Shimmer,Shimmer,,,August 23 PPU
627,556,,Ethereal,Latte Cloud,Coffee Cloud Sibling; Oat milk with purple/blue shimmer,Shimmer,,,August 23 PPU
526,557,,Atomic Polish,Strange the Dreamer,Matte Chrome Bright Bluey Teal,Chrome,,,August 23 PPU
527,558,,Ard as Nails,Rose Gold Beach ,Soft Grey White with Iridescent Flakies,Flakies,,,August 23 PPU
511,559,,Bees Knees Lacquers,Micromanaging a Project,Murky Turquoise with Red/Green Shimmer,Shimmer,,,WWDiTS 3 Collection
496,560,,Holo Taco,Spirit Fingers,Cool grey jelly formula with a magenta-red shimmer,Holo,,,Safiya (Nygaard) Collection
497,561,,Holo Taco,Brucie,Muted dark teal in linear holographic,Holo,,,Safiya (Nygaard) Collection
512,562,,Bees Knees Lacquers,Strength of Courage,Soft Blue with Golden Shimmer,Shimmer,,,Fourth Wing Collection
513,563,,Bees Knees Lacquers,Truth is Painful,Blue Grey with Red Shimmer,Shimmer,,,Fourth Wing Collection
514,564,,Bees Knees Lacquers,Skillz,Blackened Olive to Red Multichrome,Shimmer,,,Fourth Wing Collection (Mysteries)
515,565,,Bees Knees Lacquers,You Got Worms Too?,Taupe with Green Shimmer,Shimmer,,,Fourth Wing Collection (Mysteries)
516,566,,Bees Knees Lacquers,Libya,Tan with Purple Blue Shimmer,Shimmer,,,Libya Charity Polish
517,567,,Bees Knees Lacquers,Morocco,Light Blurple with Pink Red Shimmer,Shimmer,,,Morocco Charity Polish
591,568,,I Made This,I Guess I Make Polish Now,Royal Purple to Black Magnetic with Large Flakies,Flakies,,,First Ever
,Gift,,I Made This,It's my Birthday 2023,Soft Pinky Violet with Flakies,Flakies,,,Charlotte's 4th Birthday
529,570,,KBShimmer,Take the Stairs,Black Jelly Base with Foil Confetti Flakes,Jelly & Glitter,,,September 23 PPU
528,571,,Ard as Nails,Pluckley,Kelly Green Jelly with Green/Yellow Gold Flakies,Flakies,,,September 23 PPU
651,572,,Cirque Colors,Georgette,Sheer Mauve Pink,Sheer,,,Dozen Delights 2022 Advent Calendar
652,573,,Cirque Colors,Kelly Jelly,Kelly Green Jelly,Jelly,,,Dozen Delights 2022 Advent Calendar
653,574,,Cirque Colors,Toadstool,Fire Red Crème,Crème,,,Dozen Delights 2022 Advent Calendar
654,575,,Cirque Colors,Snozzberry,Burgundy Jelly with Flakies,Flakies,,,Dozen Delights 2022 Advent Calendar
655,576,,Cirque Colors,Nightfever,Violet Holo with Blue Teal Purple Shimmer,Shimmer,,,Dozen Delights 2022 Advent Calendar
656,577,,Cirque Colors,Citrine,Golden Yellow Jelly with Flakies,Flakies,,,Dozen Delights 2022 Advent Calendar
657,578,,Cirque Colors,Stoneware,Pale Peach with Copper Specks,Speckled,,,Dozen Delights 2022 Advent Calendar
601,579,,Mooncat/LLP,My Sandy Claws Outfit,Red with Holo-Glitter Flakies,Crushed Holo,,,Nightmare Before Christmas Collection
602,580,,Mooncat/LLP,Pumpkin King,Black with Holo-Glitter Flakies and Red Orange Shimmer,Crushed Holo,,,Nightmare Before Christmas Collection
603,581,,Mooncat/LLP,Everybody Scream,Midnight Purple with Holo Glitter and Flakies,Crushed Holo,,,Nightmare Before Christmas Collection
604,582,,Mooncat/LLP,Rag Doll,Light Blue with Blue Shimmer,Glow in the Dark,,,Nightmare Before Christmas Collection
605,583,,Mooncat/LLP,What a Brilliant Nose,White with pink to gold shimmer,Glow in the Dark,,,Nightmare Before Christmas Collection
606,584,,Mooncat/LLP,My Bugs! My Bugs! ,Light Green with Green Yellow Shimmer,Glow in the Dark,,,Nightmare Before Christmas Collection
,Gift,,I Made This,Meat Shield (Chi-Chi),Maroon Red with Red Shimmer and Flakies,Magnetic,,,Chi-Chi
597,586,,I Made This,Dude …,Purple to Lavendar Thermal with Blue/Pink/Purple Shimmer,Thermal,,,Chi-Chi
646,587,,Essie,Bulgaria,Holographic Jet Black Lace,Textured,,,
530,588,,Wildflower Lacquer,Last Kiss,Deep Black Purple Burgundy with Red Sparkles,Crème,,,October 23 PPU
641,589,,Starrily,Starlit Tarot,Maroon on Maroon Magnetic with Rainbow Glitter,Magnetic,,,Starrily Trick or Treat
645,590,,Nails Inc.,Shoreditch Lane,Maroon Leather Effect,Leather Effect,,,
607,591,,Mooncat/LLP,Outlaw Country,Gunmetal Silver Metallic with Silver Shimmer,Metallic,,,Midnight Rodeo Collection
608,592,,Mooncat/LLP,Dark Horse,Dark Brown Crème with Light Brown Shimmer,Crème,,,Midnight Rodeo Collection
609,593,,Mooncat/LLP,Whiskey Sunrise,Terracotta Multichrome,Multichrome,,,Midnight Rodeo Collection
589,594,,Mooncat/LLP,Beowulf,Emerald Green Crème,Crème,,,A Tale of 5 Lacquers Collection
590,595,,Mooncat/LLP,Access Denied,Black with Green Shimmer,Shimmer,,,Glitch in the Matrix Collection
593,596,,I Made This,You Are My Sunshine,Baby Blue with Blue Shimmer; Solar to Dark Purple,Solar,,,Charlotte's 4th Birthday
,Gift,,I Made This,Charlotte (Charlotte),Barbie Pink Reflective Glitter Jelly,Reflective Glitter,,,Charlotte's 4th Birthday
595,598,,I Made This,Chuck,Magenta Purple GiTD Reflective Glitter Jelly,Reflective Glitter,,,Charlotte's 4th Birthday
671,599,,Holo Taco,Not Milky White,Opaque White Crème,Crème,,,
480,600,,Holo Taco,Brick Wall,Brick Red Crème,Crème,,,Down to Earth Bundle
498,601,,Holo Taco,Cool Cat Mom ,Royal Blue with Pink Magnetic,Magnetic,,,Birthday 2023 Launch
499,602,,Holo Taco,Zyler Cat Eye,Copper on Copper Magnetic,Magnetic,,,Birthday 2023 Launch
500,603,,Holo Taco,Menchie Cat Eye,Sage Green with White Gold Magnetic,Magnetic,,,Birthday 2023 Launch
495,604,,Holo Taco,Wicked Potion,Green on Green Magnetic ,Magnetic,,,Magnetic Magic Collection
501,605,,Holo Taco,Midnight Owl,Deep Blue Jelly with Holo and Shimmer,Glitter,,,After Party Collection
502,606,,Holo Taco,Curfew Crashers,Mauve Jelly with Yellow Shimmer,Shimmer,,,After Party Collection
503,607,,Holo Taco,Starry Eyed,Teal Jelly with Silver Star Glitter,Glitter,,,After Party Collection
504,608,,Holo Taco,Bottle Service,Gold Shimmer Metallic,Metallic,,,After Party Collection
505,609,,Holo Taco,Crystal Skies,Grey Blue with Blue Glitter and Silver Diamonds,Glitter,,,After Party Collection
506,610,,Holo Taco,Disco Dust,Rainbow Reflective Glitter Topper,Reflective Glitter,,Topper,After Party Collection
408,611,,Olive & June,Koala,Soft Grey Crème,Crème,,,Pedicure Bundle 
628,612,,Ethereal,Macchiato Cloud,Coffee Cloud Sibling; Coffee + milk with purple/blue shimmer,Shimmer,,,Rainforest Mystery
611,613,,Ethereal,Lin,Bright Pink with Blue/Purple Shimmer,Shimmer,,,
672,614,,Holo Taco,Indigo Away,Deep Purple Indigo Crème,Crème,,,Free Mystery with Order
,Gift,,I Made This,Hearts (Charlotte),Lemonhead Prisms 2 of Hearts Silver + Good Witch in a Pink Jelly,Glitter,,,Charlotte's Christmas 2023
,Gift,,I Made This,Stars (Charlotte),Rainbow Star Glitter + Lemonhead Prisms in Poproxx,Glitter,,,Charlotte's Christmas 2023
833,617,,I Made This,Kat's Cold Shoulder,Royal Blue with Silver Foil (Attempt at a Cold Shoulder dupe),Foil,,,
834,618,,I Made This,Olive Gold,Olive Green with Gold Magnetic,Magnetic,,,
629,619,,Ethereal,Matcha Cloud,Mint Green with Blue Shimmer,Shimmer,,,Rainforest Mystery
610,620,,Mooncat/LLP,Fool's Gold,Matte Gold Glitter Topper,Topper,,,Midnight Rodeo Collection
625,621,,Ethereal,Midnight Ice,Blurple Holo with Red Shimmer,Holo,,,Snow Globe Mystery
624,622,,Ethereal,Tundra,Icy Blue with Silver Foil and Reflective Glitter,Reflective Glitter,,,Snow Globe Mystery
623,623,,Ethereal,Lele,Smokey Red Shimmer,Shimmer,,,Lehabah Mystery [Crescent City]
622,624,,Ethereal,I Am With My Friends,Peachy Orange Shimmer,Shimmer,,,Lehabah Mystery [Crescent City]
621,625,,Ethereal,Starsword,Purple with Silver Reflective Glitter,Reflective Glitter,,,Ruhn Mystery [Crescent City]
620,626,,Ethereal,Ruhn Danaan Knew Three Things with Absolute Certainty,Blue Green Teal Multichrome,Multichrome,,,Ruhn Mystery [Crescent City]
619,627,,Ethereal,Athalar,Pale Grey with Blue Shimmer,Shimmer,,,Hunt Mystery [Crescent City]
618,628,,Ethereal,I've Got You,Pale Grey with Purple Shimmer,Shimmer,,,Hunt Mystery [Crescent City]
617,629,,Ethereal,Sweetheart,Bright Purple with Blue Shimmer,Shimmer,,,Bryce Mystery [Crescent City]
616,630,,Ethereal,BB,Candy Apple Red with Red Shimmer,Shimmer,,,Bryce Mystery [Crescent City]
615,631,,Ethereal,Jelly Jubilee,Purple Holo with Golden Shimmer,Shimmer,,,Crescent City
614,632,,Ethereal,Ruhn Danaan Crown Prince of the Valbaran Fae,Burgundy with Red Shimmer,Shimmer,,,Crescent City
613,633,,Ethereal,Coffin,Dark Grey with Red Shimmer,Shimmer,,,Fall 2023
612,634,,Ethereal,Now Go and Don't Look Back,Blue Green Shimmer,Shimmer,,,
630,635,,Ethereal,Mocha Cloud,Coffee Cloud Sibling; Darker + milk with purple/blue shimmer,Shimmer,,,Rainforest Mystery
600,636,,I Made This,Mom Brain,Purple to Pink Thermal with Reflective Glitter and Pink Shimmer,Thermal,,,
507,637,,Holo Taco,Rose Gold Taco,Rose Gold/Pink Flakie Topper,Foil,,Topper,Declassified Collection
508,638,,Holo Taco,Fifty Shades of Griege,Beige Linear Holo,Holo,,,Declassified Collection
509,639,,Holo Taco,Overshadowed,Blue Grey Metallic Holo,Holo,,,Declassified Collection
510,640,,Holo Taco,Everything Taco,"Iridescent Flakies & holographic linear, scattered and Flakies",Flakies,,Topper,2nd Anniversary Remix Collection
673,641,,Holo Taco,Solo Mission,Dusty Rose Jelly with Flakies and Holo,Flakies,,,I Need Space Collection
674,642,,Holo Taco,Orbite Me,Deep Burgundy Crushed Holo,Crushed Holo,,,I Need Space Collection
675,643,,Holo Taco,I'm Rover It,Burnt Orange Copper with Orange Shimmer and Holo,Holo,,,I Need Space Collection
676,644,,Holo Taco,Alien Infatuation,Grey Jelly with Green Shimmer and Holo,Holo,,,I Need Space Collection
677,645,,Holo Taco,Waste of Space,Black Jelly with Flakies and Holo,Holo,,,I Need Space Collection
647,646,,Night Owl Lacquer,Great Grey Owl,Grey Base with Crtystal Chameleon Flakes and Holo,Holo,,,January 24 PPU
648,647,,Cat Tail,Little King Trash Mouth,White UV Crelly with Flakies,Solar,,,January 24 PPU
649,648,,Clionadh,Hippo,Grey Crelly with Pink Gold Shimmer,Shimmer,,,January 24 PPU
658,649,,Cirque Colors,Mango Jelly,Yellow Orange (Mango) Jelly,Jelly,,,Glazed Collection
659,650,,Cirque Colors,Pink Lady Jelly,Pastel Pink Jelly,Jelly,,,Glazed Collection
660,651,,Cirque Colors,Star Fruit Jelly,Lime Green Jelly,Jelly,,,Glazed Collection
661,652,,Cirque Colors,Poppy Jelly,Soft Red Jelly,Jelly,,,Glazed Collection
662,653,,Cirque Colors,Lagoon Jelly,Aqua Jelly,Jelly,,,Glazed Collection
663,654,,Cirque Colors,Blurple Jelly,Blurple Jelly,Jelly,,,Glazed Collection
642,655,,Starrily,Infinity Rose __,Dusky rose gold linear holo,Holo,,,3.14 Collection
643,656,,Starrily,3.14K Gold __,Coppery golden micro flakie foil,Foil,,,3.14 Collection
644,657,,Starrily,Blueberry Pie __,Peach-pink base with strong blue shimmer and blue/purple flakies,Flakies,,,3.14 Collection
678,658,,Holo Taco,Banana Medicine,Pastel Yellow Crème,Crème,,,Pastel and Don't Tell
679,659,,Holo Taco,Pinky Swear,Pastel Pink Crème,Crème,,,Pastel and Don't Tell
680,660,,Holo Taco,Crime and Punishmint,Pastel Mint Grenne,Crème,,,Pastel and Don't Tell
681,661,,Holo Taco,Too Good to be Blue,Sky Blue Pastel Crème,Crème,,,Pastel and Don't Tell
682,662,,Holo Taco,Cereal Killer,Pastel Purple Crème,Crème,,,Pastel and Don't Tell
683,663,,Holo Taco,Peri-Social,Periwinkle Crème,Crème,,,Cookies and Crème Collection
684,664,,Holo Taco,Lowkey Blushing,Deep Rose Crème,Crème,,,Down to Earth Bundle
685,665,,Holo Taco,Fallen Flakie Taco,Fall Colors Multichrome Flakies Topper,Flakies,,Topper,Down to Earth Bundle
686,666,,Holo Taco,Halogen Glow,Yellow Pink Green Shifting Shimmer Topper,Shimmer,,Topper,Fire and Ice Collection
687,667,,Holo Taco,Inside Job,Purple Jelly with Purple Glitter and Silver Square Chunky Glitter,Jelly & Glitter,,,Holo Royalty 2024
688,668,,Holo Taco,Blush Money,Soft Pink Jelly with Silver Glitter,Jelly & Glitter,,,Holo Royalty 2024
689,669,,Holo Taco,Teal No Lies,Teal Microflake Metallic,Microfoil,,,Holo Royalty 2024
690,670,,Holo Taco,Spyglass,Cornflower Blue Crushed Holo,Crushed Holo,,,Holo Royalty 2024
631,671,,Mooncat/LLP,Am I Everything You Fear?,Deep Teal with Pink-Orange-Green Shimmer & Holo,Multichrome,,,Song of Sirens Collection
632,672,,Mooncat/LLP,A Most Destructive Melody,Blue Purple Multichrome Shimmer,Multichrome,,,Song of Sirens Collection
633,673,,Mooncat/LLP,Maelstrom,Blue Green Jelly with Green-Yellow Flakies,Flakies,,,Song of Sirens Collection
634,674,,Mooncat/LLP,The Sea Between Us,Ocean Blue Jelly with Green Flakies,Flakies,,,Song of Sirens Collection
635,675,,Mooncat/LLP,The Sirens' Revenge,Mint Green with Blue-Green Shimmer,Shimmer,,,Song of Sirens Collection
636,676,,Mooncat/LLP,Full Scream Ahead,Light Mint Green Shimmer,Shimmer,,,My Inner Apocalypse Collection
637,677,,Mooncat/LLP,Heavenmetal,Sheer White with Silver Glitter and Blue Shimmer,Shimmer,,,Band of Misfits Collection
638,678,,Mooncat/LLP,Misery is my Favorite Color,Slate Grey with Blue Shimmer,Shimmer,,,My Inner Apocalypse Collection
639,679,,Mooncat/LLP,Like a Moth to a Flame,Smokey Grey with Red-Orange Shimmer,Shimmer,,,My Inner Apocalypse Collection
640,680,,Mooncat/LLP,Nightcrawler,Smokey Grey with Purple Shimmer,Shimmer,,,My Inner Apocalypse Collection
711,681,,Death Valley Nails,Yellow Iron Ore,"YELLOW IRON ORE: Wasatch Mountains, UT",Dust to Dust,,,Dust to Dust Collection
712,682,,Death Valley Nails,Barbarella,Neon Fuchsia Pink,Crème,,,
713,683,,Death Valley Nails,Joy Ride,Keylime Yellow with Subtle Green Shimmer,Crème,,,Spring 2023 Collection
714,684,,Death Valley Nails,Marsh,Medium Forest Green,Crème,,,Fall 2022 Collection
766,685,,Lucky13 Lacquer,I Suck! ,Neon Bubblegum Pink Jelly with Pink/Gold Shimmer and Rainbow Flakies GitD,Glow in the Dark,,,April 24 PPU
538,686,,Dam! Nail Polish,No! Not Rainbow Road,Black Jelly with Blue Purple Multichrome and Assorted Holo Glitter,Jelly & Glitter,,,April 24 PPU
525,687,,Psyche Minerals,Naydra,Teal Jelly with Blue Green Shummer and Green Reflective Glitter,Reflective Glitter,,,April 24 PPU
518,688,,Bees Knees Lacquers,Gwynriel,"Periwinkle Pastel Gold, Green, Blue Shimmer",Shimmer,,,Ships 3
519,689,,Bees Knees Lacquers,Elorcan,Purple Gold Multichrome with Silver Reflective Glitter,Reflective Glitter,,,Ships 3
520,690,,Bees Knees Lacquers,Elspeth X Ravyn,Purple with Green Shimmer,Multichrome,,,Ships 3
767,691,,Moon Shine Mani,There Are Two Types of Beings in the Universe: Those Who Dance and Those Who Do Not,Blackened Violet Jelly with Multichrome Flakies,Flakies,,,May 24 PPU
768,692,,Zombie Claw,Space Gray Zombies,Grey Crelly with Blue Green Shimmer ,Shimmer,,,May 24 PPU
769,693,,What Addiction?,Into the Unknown,"Blue Jelly with Blue shimmer, microglitter, and flakies",Jelly & Glitter,,,May 24 PPU
650,694,,Clionadh,Octahedrite,Black Jelly Base with Silver Magnetic Flakies and Silver Microglitter,Magnetic,,,May 24 PPU
691,695,,Holo Taco,Electric Sweetener,Purple-Magenta Crushed Holo with Blue Microshimmer,Crushed Holo,,,Rock Candy Collection
692,696,,Holo Taco,Pop Rocker,Bubblegum Pink Crushed Holo with Indigo Microshimmer,Crushed Holo,,,Rock Candy Collection
693,697,,Holo Taco,Jam Session,Red-Coral Crushed Holo with Pink Microshimmer,Crushed Holo,,,Rock Candy Collection
694,698,,Holo Taco,Sunshine Crush,Golden Yellow Crushed Holo with Orange Microshimmer,Crushed Holo,,,Rock Candy Collection
695,699,,Holo Taco,Sour Note,Green Crushed Holo with Pink Microshimmer,Crushed Holo,,,Rock Candy Collection
696,700,,Holo Taco,Blue Rizzler,Blue-Violet Crushed Holo with Pink Microshimmer,Crushed Holo,,,Rock Candy Collection
697,701,,Holo Taco,Sugar Rush,Off White Crushed Holo with Yellow Microshimmer,Crushed Holo,,,Rock Candy Collection
835,702,,I Made This,I am Misery,Black Blue Grey with Multichrome Shimmer,Shimmer,,,
817,703,,Dimension Nails,Blueberry Flax Milk,Pastel Blue Milk Jelly,Milk Jelly,,,Plant Based Milk Collection
818,704,,Dimension Nails,Blackberry Rice Milk,Pastel Purple Milk Jelly,Milk Jelly,,,Plant Based Milk Collection
715,705,,Death Valley Nails,Fossils,"FOSSILS: Kem Kem Beds, Sahara Desert, Morocco",Dust to Dust,,,Dust to Dust Collection
716,706,,Death Valley Nails,Cornflower,Cornflowers from Home Garden,Dust to Dust,,,Dust to Dust Collection
717,707,,Death Valley Nails,Spirulina,"SPIRULINA: Sonoran Desert, CA",Dust to Dust,,,Dust to Dust Collection
718,708,,Death Valley Nails,Bones,"BONE: Bastrop, TX",Dust to Dust,,,Dust to Dust Collection
726,709,,Death Valley Nails,Stagnant Water,Light green base with micro pink/gold chrome flakes and a variety of green glitter,Glitter,,,Spring 2024 Collection
720,710,,Death Valley Nails,Light Purple Pencil,Light purple pencil shavings (will dissolve over time) ,Pencil,,,Death to Death Collection
721,711,,Death Valley Nails,Gunmetal,Dark gunmetal silver with silver shimmer and chrome glitter,Crème,,,Fall 2022 Collection
722,712,,Death Valley Nails,Acid Reflux,Neon Green,Crème,,,Spring 2024 Collection
723,713,,Death Valley Nails,Rhododendron, Translucent = shade / Violet = sunshine,Solar,,,Summer 2022 Collection
724,714,,Death Valley Nails,Nostalgia,Cornflower blue base with strong copper/gold multichrome shift and subtle micro gold glitter,Shimmer,,,Summer 2024 Collection
725,715,,Death Valley Nails,Melancholia,Blue multichrome that shifts pink/gold/green/blue with rainbow multichrome flakes,Shimmer,,,Fall 2021 Collection
701,716,,Holo Taco,Encryption Key,Red Orange Multichrome Shimmer,Multichrome Shimmer,,,Lite Mode Collection
702,717,,Holo Taco,Wireless Mode,Blue Turquoise Multichrome Shimmer,Shimmer,,,Lite Mode Collection
703,718,,Holo Taco,Lite Link,Teal Green Multichrome Shimmer,Shimmer,,,Lite Mode Collection
705,719,,Holo Taco,Sunset Simulation,Rose Giold Multichrome Shimmer,Shimmer,,,Lite Mode Collection
861,720,,Mooncat/LLP,Forces of Evil,Red Jelly Base with Flakies and Microglitter,Flakies,,,Powerpuff Girls Collection
862,721,,Mooncat/LLP,Chemical X,Black Jelly Base with Multicolored Flakies and Microglitter,Flakies,,,Powerpuff Girls Collection
863,722,,Mooncat/LLP,Diabolical Mojo Jojo,"Purple Jelly Base with Purple Shimmer, Flakies, and Microglitter",Flakies,,,Powerpuff Girls Collection
864,723,,Mooncat/LLP,"Don't Cry, Bubbles",Sky Blue Jelly Base with Flakies and Glitter,Flakies,,,Powerpuff Girls Collection
865,724,,Mooncat/LLP,Blossom's Firebreath,Pink Jelly Base with Flakies and Microglitter,Flakies,,,Powerpuff Girls Collection
866,725,,Mooncat/LLP,Hardcore Buttercup,Green Jelly Base with Flakies and Microglitter,Flakies,,,Powerpuff Girls Collection
867,726,,Mooncat/LLP,Supervillain,Purple Blue Multichrome Flakie Glitter,Glitter,,,Bebop 2.0
719,727,,Death Valley Nails,Chrysocolla,"CHRYSOCOLLA: Tucson, Arizona",Dust to Dust,,,Dust to Dust Collection
364,728,,Holo Taco,Scattered Holo Taco,Holographic Glitter Topper,Glitter,,Topper,
706,729,,Holo Taco,Simply Chaotic,Dark Purple to Turquoise Flakie Thermal,Thermal,,,5th Anniversary Mixed Emotions Collection
707,730,,Holo Taco,Deeply Superficial,Magenta to Pale Pink Flakie Thermal,Thermal,,,5th Anniversary Mixed Emotions Collection
708,731,,Holo Taco,Funny Feeling,Turquoise to Yellow Shimmer Thermal,Thermal,,,5th Anniversary Mixed Emotions Collection
709,732,,Holo Taco,Rage Bait,Coral to Yellow Shimmer Thermal,Thermal,,,5th Anniversary Mixed Emotions Collection
710,733,,Holo Taco,Guilty Pleasure,Purple to Pink Shimmer Thermal,Thermal,,,5th Anniversary Mixed Emotions Collection
727,734,,Death Valley Nails,Swamp Sparrow,Dark Cherry Jelly,Jelly,,,Fall 2022 Collection
728,735,,Death Valley Nails,From the Wound Comes the Salve,Black Jelly with Blue Purple Multichrome Shimmer,Shimmer,,,Death to Death Collection
729,736,,Death Valley Nails,An Electric Eel in Love,Sheer Neon Pink with Slight Blue Shimmer,Shimmer,,,Summer 2021 Collection
730,737,,Death Valley Nails,Moon Milk,Neon Blue with Blue Shimmer,Shimmer,,,Summer 2021 Collection
731,738,,Death Valley Nails,Inglorious Buzzards,Dark  Blue to Teal Flakie Thermal,Thermal,,,Fall 2022 Collection
732,739,,Death Valley Nails,Antelope Valley,Matte Arctic Blue Crelly,Matte,,,
733,740,,Death Valley Nails,Varicose Veins,Dark Berry Maroon Jelly,Jelly,,,Winter 2023 Collection
734,741,,Death Valley Nails,Death Proof,Dark Blue/Aqua with Pink/Gold Magnetic Shift,Magnetic,,,Fall 2021 Collection
735,742,,Death Valley Nails,"But, do Aliens Believe in Me?",Purple Grey Multichrome Shimmer,Shimmer,,,Spring 2024 Collection
736,743,,Death Valley Nails,Black Pencil,Black pencil shavings (will dissolve over time) ,Pencil,,,Death to Death Collection
737,744,,Death Valley Nails,Dreamsicle ,Sherbert Orange with Pink Shimmer,Shimmer,,,Spring 2023 Collection
738,745,,Death Valley Nails,Cobalt Pencil,Cobalt Blue Pencil Shavings (Will Dissolve Over Time),Pencil,,,Death to Death Collection
739,746,,Death Valley Nails,Wildflowers,WILDFLOWERS: Texas Meadow,Dust to Dust,,,Dust to Dust Collection
740,747,,Death Valley Nails,Viva la Vida Frida,Light pink duochrome with gold/green shift and gold flakes,Shimmer,,,Winter 2021
664,748,,Cirque Colors,Road Rage,Neon Red,Crème,,,Vice 2024
665,749,,Cirque Colors,Plastik,Neon Deep Magenta,Crème,,,Vice 2024
666,750,,Cirque Colors,Mile High Club,Neon Cobalt Blue,Crème,,,Vice 2024
667,751,,Cirque Colors,High Roller,Neon Mint Green,Crème,,,Vice 2024
668,752,,Cirque Colors,Guilty Pleasure,Neon Purple,Crème,,,Vice 2024
669,753,,Cirque Colors,Electric Daisy,Neon Highlighter Yellow,Crème,,,Vice 2024
698,754,,Holo Taco,Berry Me in Holo,Raspberry Crushed Holo,Crushed Holo,,,Safiya (Nygaard) Collection
670,755,,Cirque Colors,Bisou Bisou,Periwinkle to Pink Thermal,Thermal,,,
801,756,,Lilypad Lacquer,Spookylicious,Neon Green Jelly with Flame Flakies,Flakies,,,September 21 PPU
802,757,,Red Eyed Lacquer,Mystery,Bright Blue with Pink Flakies,Flakies,,,
803,758,,Geekish Glitter Lacquer,We're the Tops,Purple Holo with Flakies,Flakies,,,Polish & Dreams 2022 Exclusive
804,759,,Enchanted Polish,Rainstorm ,Navy Blue with Rainbow Holo,Holo,,,
770,760,,KBShimmer,One in a Melon,Neon Pink with Flakies,Flakies,,,
821,761,,Bees Knees Lacquers,I am Now the Most Powerful Turtle in the World,Turtle Green with Pink to Gold Flakies and Holo,Flakies,,,Flakie Fandom June 2023
822,762,,Bees Knees Lacquers,Lavamancy ,Hot Pink with Green Blue Shimmer,Shimmer,,,Hella Handmade Creations 8th Anniversary
781,763,,Holo Taco,Inkwell,Sepia Brown with Bronze Micoshimmer,Shimmer,,,Dark Academia Collection [Grad School Bundle]
782,764,,Holo Taco,Secret Society,Greige Jelly with Gold Microshimmer and Scattered Holo,Shimmer,,,Dark Academia Collection [Grad School Bundle]
783,765,,Holo Taco,Ivy League,Blackened Green Jelly with Green Shimmer,Shimmer,,,Dark Academia Collection [Grad School Bundle]
784,766,,Holo Taco,Silent Library,Navy Frosted Metal,Foil,,,Dark Academia Collection [Grad School Bundle]
785,767,,Holo Taco,Head Hunter,Dark Hunter Green Crème,Crème,,,Dark Academia Collection
786,768,,Holo Taco,Devil's Advocate,Blackened Oxblood Crelly,Crelly,,,Dark Academia Collection
811,769,,Cirque Colors,Mustard Jelly,Yellow Brown Mustard /jelly,Jelly,,,
805,770,,KBShimmer,Upside Round,Multi-size Multi-color Neon Round Matte Glitter in a Clear Base,Glitter,,Yes,
741,771,,Death Valley Nails,Yellow-bellied Sapsucker,Muddied Toad Green,Crème,,,
742,772,,Death Valley Nails,Canoodling,Neon Bright Pink,Crème,,,
807,773,,Maniology,Ruby Slipper,Muted Red with Metallic Shimmer,Shimmer,Yes,,
808,774,,Maniology,Toco Toucan,Copper Rose with Gold and Pink Shimmer,Shimmer,Yes,,
806,775,,Starrily,Crimson Twilight,Bright True Red with Golden Shimmer,Shimmer,,,
812,776,,Cirque Colors,All In,Lime Green Shimmergrahic with Red Gold Shimmer,Shimmergraphic,,,Kelli Marissa Collection
814,777,,Cirque Colors,Vanilla Bean,Ivory Cream with Black Specks,Speckled,,,
813,778,,Cirque Colors,Ethel,Forest Green Shimmergraphic with Red Gold Shimmer,Shimmergraphic,,,
831,779,,I Made This,Like Monayyyy,Green/Teal Thermal with Silver Holo and Emerald Glitter,Holo,,,
832,780,,I Made This,Punk Pop,Pink GitD with Pink Shimmer and Holo,Glow in the Dark,,,
743,781,,Death Valley Nails,Nevermore,Green/gold aurora holographic with silver micro holo glitter,Holo,,,Halloween 2024 Collection
744,782,,Death Valley Nails,Lana del Wraith,Black to Sheer Matte Jelly Thermal with Purple Shards,Thermal,,,Halloween 2024 Collection
745,783,,Death Valley Nails,Costume Jewlery,Multichrome Flakies / Holo Glitter / Reflective Glitter,Flakies,,,Autumn 2024 Collection
787,784,,Holo Taco,Gosh Garnet,Garnet Burgundy with Red-Broze shift,Shimmer,,,Birthday 2024 (Birthstone) Launch
788,785,,Holo Taco,Crystal Mommy,Amethyst Crushed Holo with Pink Microshimmer,Crushed Holo,,,Birthday 2024 (Birthstone) Launch
789,786,,Holo Taco,Happily Ever Aqua,Aquamarine Linear Holo with Cyan Shimmr,Shimmer,,,Birthday 2024 (Birthstone) Launch
790,787,,Holo Taco,Ride or Diamond,Silver Multiglitter,Glitter,,,Birthday 2024 (Birthstone) Launch
791,788,,Holo Taco,Emerald City,Deep Green Jelly with Emerald Flakies,Jelly & Glitter,,,Birthday 2024 (Birthstone) Launch
792,789,,Holo Taco,The Price is Alexandrite,Teal to Purple Multichrome with Purple Metallic Flakies,Multichrome,,,Birthday 2024 (Birthstone) Launch
793,790,,Holo Taco,"Ruby, Madly, Deeply",Red Jelly Base with Ruby Red Glitter,Jelly & Glitter,,,Birthday 2024 (Birthstone) Launch
794,791,,Holo Taco,Peridon't Bother Me,Lime Green Shimmer with Yellow-Green Shift and Green Reflective Glitter,Shimmer,,,Birthday 2024 (Birthstone) Launch
795,792,,Holo Taco,Playing with Sapphire,Dark Blue Jelly Base with Sapphire Flakies,Jelly & Glitter,,,Birthday 2024 (Birthstone) Launch
796,793,,Holo Taco,Birthday Brat,Bright Pink Frosted Metal with Silver and Rose Gold Foil,Foil,,,Birthday 2024 (Birthstone) Launch
797,794,,Holo Taco,Topaz Tears,Brown Jelly with Topaz Flakes and Green-Gold Flakies,Jelly & Glitter,,,Birthday 2024 (Birthstone) Launch
798,795,,Holo Taco,Tanzanite Away,Indigo Jelly with Red Microshimmer and Blue Reflective Glitter,Reflective Glitter,,,Birthday 2024 (Birthstone) Launch
778,796,,Holo Taco,Gold Flakie Holo Taco,Gold Scattered Flakie Holo Taco,Holo,,Topper,1st Anniversary Collection
779,797,,Holo Taco,Blue Flakie Holo Taco,Blue Scattered Flakie Holo Taco,Holo,,Topper,1st Anniversary Collection
780,798,,Holo Taco,Purple Flakie Holo Taco,Purple Flakie Holo Taco,Holo,,Topper,1st Anniversary Collection
809,799,,Cracked,Crypt Couture,Grey Base with Blue Shimmer and Silver and Black Flakes,Shimmer,,,Little Box of Horrors September 24
810,800,,Humble Bee,Haunted Hearts,Denim Blue Jelly with a Mix of Rainbow Flakies,Flakies,,,Little Box of Horrors September 24
746,801,,Death Valley Nails,Cruella de Tejas,Raspberry to Pink Thermal with Shimmer,Thermal,,,Valentine's 2022 Collection
826,802,,ILNP,Set in Stone,Creamy Greige Holo,Holo,,,Tranquility Collection
760,803,,Bluebird Lacquer,Cloudy with a Chance of Rainbows,"Blue Jelly Base with Shimmer, Holo & Rainbow Flakes",Glitter,,,October 24 PPU
761,804,,Clionadh,Ice Age,Shimmering Aqua to Pink with Blue Microglitter,Shimmer,,,October 24 PPU
762,805,,Vanessa Molina,Rainbow Cloud,Blue Jelly Base with Glass Flakies,Flakies,,,October 24 PPU
763,806,,Zombie Claw,Paranormal,Dark Grey to Clear with Black Flakies,Thermal,,,October 24 PPU
764,807,,Ethereal,Otherworldly,Soft Lilac with Pink Shimmer,Shimmer,,,October 24 PPU
765,808,,Leesha's Lacquers,Animikiikaa,Black to Purple to Blue Thermal with Scattered Holo,Thermal,,,October 24 PPU
819,809,,Dimension Nails,Banana Hemp Milk,Pastel Yellow Milk Jelly,Milk Jelly,,,Plant Based Milk Collection
820,810,,Witchcult,Taurus,Pastel Green Crelly with Glowy Green Shimmer,Shimmer,,,
747,811,,Death Valley Nails,Golden Smog,Golden Moss Green with Gold Shimmer,Shimmer,,,Halloween 2022 Collection
748,812,,Death Valley Nails,Bad Seed,Dark Emerald Green Shimmer,Shimmer,,,Winter 2023 Collection
851,813,,Starrily,Sundial,Rose to Bronze Metallic,Metallic,,,
852,814,,Starrily,Amulet,Silver Foil Magnetic,Magnetic,,,
853,815,,Starrily,Quartz Crystal,Pink with Silver Magnetic Particles,Magnetic,,,
854,816,,Starrily,Atomic Clock,Blue Shimmer with Silver Magnetic Particles,Magnetic,,,
855,817,,Starrily,Hourglass,Darkened Purple Shimmer with Silver Magnetic Particles,Magnetic,,,
856,818,,Starrily,The Cat's Meow,Light Blurple with Copper Shimmer and Holo,Holo,,,
857,819,,Starrily,Oxytocin,Deep Burgundy with Holo Glitter,Holo,,,
858,820,,Starrily,Luna,"Sparkle Microglitter Mix of Lilac, Gold, and Silver",Glitter,,,
827,821,,ILNP,Clover,Pear Green Jelly with Holo,Jelly,,,Fairy Forest Collection
828,822,,ILNP,Party Popper,Gold and Silver Metallic Flakie Topper,Glitter,,Topper,At Midnight Collection
829,823,,ILNP,Willow,Lime Green Shimmer,Shimmer,,,Wildflowers Collection
830,824,,ILNP,Sunny Days,Neon Peach Crème,Crème,,,Poolside Collection
841,825,,Cracked,Lemon Brain,Lemon Yellow Shimmer,Shimmer,,,Artificial Flavors Collection
842,826,,Cracked,Lima Jelly Bean,Lime Green Jelly with Holo and Gold Glitter,Jelly & Glitter,,,Artificial Flavors Collection
843,827,,Cracked,Lion's Tooth,Warm Vanilla Crème,Crème,,,Doom And Gloom Collection
844,828,,Cracked,Pink Strawberry Puffs,Sheer Pink with Pink Shimmer and Gold Shift,Shimmer,,,Artificial Flavors Collection
845,829,,Cracked,Chocolate Gram,Dark Chocolate Brown Jelly,Jelly,,,Young Love Collection
846,830,,Cracked,Pushin' Pop,Tangerine with Pink Shimmer,Shimmer,,,Artificial Flavors Collection
749,831,,Death Valley Nails,A Little Gumption,Neon Pastel Orange,Crème,,,Spring 2024 Collection
750,832,,Death Valley Nails,Middle Child,Neon Pastel Yellow Orange,Crème,,,Spring 2024 Collection
751,833,,Death Valley Nails,Willy Nilly,Neon Pastel Coral,Crème,,,Spring 2024 Collection
752,834,,Death Valley Nails,Seagrass,Ocean Teal Crelly,Crelly,,,Summer 2022 Collection
753,835,,Death Valley Nails,Lonesome,Eminence Purple,Crème,,,Valentine's 2023 Collection
823,836,,Bkind,Perle,Mother of Pearl,Shimmer,,,November 2024 Up North Trip
754,837,,Death Valley Nails,Promises,Turqoise ,Crème,,,Spring 2024 Collection
755,838,,Death Valley Nails,Two Ticks and No Dog,Purple to Aquamarine Thermal with Pink Shimmer,Thermal,,,Spring 2023 Collection
756,839,,Death Valley Nails,Marfa Lights,Ethereal Shimmering Blue,Glow in the Dark,,,Spring 2022 Collection
824,840,,Clionadh,I Want an Everlasting Gobstopper,Rainbow Metallic Flakies,Flakies,,,February 23 PPU
771,841,,Holo Taco,Shadow Lake,Grey Base with Blue Shimmer,Shimmer,,,Underglow Collection
772,842,,Holo Taco,Moon Lagoon,Aqua Baase with Pink Shimmer,Shimmer,,,Underglow Collection
773,843,,Holo Taco,Vitamin Glow,Blue Base with Pink Shimmer,Shimmer,,,Underglow Collection
774,844,,Holo Taco,Phantom Call,Purple with Orange Gold Shimmer,Shimmer,,,Underglow Collection
775,845,,Holo Taco,Swan Song,White base with Blue Shimmer,Shimmer,,,Underglow Collection
776,846,,Holo Taco,Cloud Nine,Pink Base with Blue Shimmer,Shimmer,,,Underglow Collection
891,847,,Death Valley Nails,Born with Thorns,Emerald Duochrome with BlueGreen Shimmer,Multichrome,,,Winter 2022 Collection
892,848,,Death Valley Nails,Gris-Gris of the Bog,Purple with Silver Flakes,Glow in the Dark,,,Valentine's 2022 Collection
893,849,,Death Valley Nails,Nighthawk with his Death Note,Blue Purple Multichrome,Multichrome,,,Halloween 2022 Collection
894,850,,Death Valley Nails,Nostalgia,Cornflower Blue Gold Multichrome with Gold Microglitter,Multichrome,,,Summer 2024 Collection
895,851,,Death Valley Nails,The Sink After She Shaves,Purple Pink Thermal with Bar Glitter,Thermal,,,Summer 2024 Collection
896,852,,Death Valley Nails,The Wicked Witch of Texas,Sheer Pink Linear Holo with Red/Green/Gold Multichrome Shimmer,Holographic,,,Summer 2024 Collection
881,853,,Holo Taco,Miss Fire,Burgundy Jelly with Red Metallic Foil and Gold Glitter [Replaced by Gosh Garnet],Glitter,,,2024 Declassified Colletion
882,854,,Holo Taco,Going Solo,Black Crushed Holo with Blue Shimmer [Rock Candy Collection Reject],Crushed Holo,,,2024 Declassified Colletion
883,855,,Holo Taco,Camera Shy,Muted Purple Jelly with Pink Microshimmer [Replaced by Phantom Call],Shimmer,,,2024 Declassified Colletion
884,856,,Holo Taco,Glazed Over,White with Opalescent Shimmer [Replaced by Swan Song],Shimmer,,,2024 Declassified Colletion
825,857,,Ethereal,Dance of the Sugar Plum Fairy,Sheer pink with Blue Shimmer,Shimmer,,,December 24 PPU
868,858,,Mooncat/LLP,A Galaxy Far Far Away,Black Base with Blue and Red Glitter and Blue Magnetic,Magnetic,,,Join the Dark Side Star Wars Collection
869,859,,Mooncat/LLP,Star Destroyer,Blue Jelly with Silver Metallic Flakies,Foil,,,Join the Dark Side Star Wars Collection
870,860,,Mooncat/LLP,Dawn of the Empire,Black Base with a Red Magnetic,Magnetic,,,Join the Dark Side Star Wars Collection
871,861,,Mooncat/LLP,Death Star,Silver Holo Base with Silver Magnetic,Magnetic,,,Join the Dark Side Star Wars Collection
872,862,,Mooncat/LLP,Lord Vader,Rose Shimmer Base with Silver Magnetic,Magnetic,,,Join the Dark Side Star Wars Collection
873,863,,Mooncat/LLP,Imperial Strom Trooper,Black to Grey Thermal with Silver Magnetic,Thermal/Magnetic,,,Join the Dark Side Star Wars Collection
874,864,,Mooncat/LLP,Scum and Villany,Brown Base with Bronze Flakies and Tan Magnetic,Magnetic,,,Join the Dark Side Star Wars Collection
885,865,,Holo Taco,David's Teal,Bright Teal Crème,Crème,,,Holo Taco x DAVIDsTEA Collection
886,866,,Holo Taco,Steep Dreams,Navy Blue Crushed Holo,Crushed Holo,,,Holo Taco x DAVIDsTEA Collection
887,867,,Holo Taco,Pearl Grey,White Crelly with Glitter and Shimmer,Glitter,,,Holo Taco x DAVIDsTEA Collection
888,868,,Holo Taco,Teal with It,Bright Teal Microfoil,Microfoil,,,Holo Taco x DAVIDsTEA Collection
897,869,,Death Valley Nails,VERKLEMPT,Matte Pink Heart and Magenta Diamond Glitter in a Pink Microglitter base,Glitter,,,Valentine's 2025 Collection
898,870,,Death Valley Nails,Waving Goodbye,Blue/Violet/White/Magenta Photo-Thermal,Photo-Thermal,,,Valentine's 2025 Collection
899,871,,Death Valley Nails,A Dream as Real as Stubbing Your Toe,Berry Jelly with Aurora Shimmer and Holo,Jelly,,,Valentine's 2025 Collection
900,872,,Death Valley Nails,Mod Podging Over Our Problems,Chrome Pink Microflakes and Mega Shimmer,Shimmer,,,Valentine's 2025 Collection
901,873,,Death Valley Nails,Cooties,White Crelly with Pink Glitter,Crelly,,,Valentine's 2025 Collection
902,874,,Death Valley Nails,Stay a While,Cool Dirty Pink with Auroa Shimmer,Shimmer,,,Valentine's 2025 Collection
903,875,,Death Valley Nails,Garlic Breath,Merlot Holo,Holo,,,Valentine's 2025 Collection
904,876,,Death Valley Nails,Blushing,Pink/Mauve/Yellow/Grey Photo-Thermal,Photo-Thermal,,,Valentine's 2025 Collection
905,877,,Death Valley Nails,I'd Let Him Eat Crackers in my Bed,Lilac with Magenta Shimmer and Rose Gold Glitter,Shimmer,,,Valentine's 2025 Collection
906,878,,Death Valley Nails,Two Rumps on a Carved Stump,Deep Blurple with Black to Red Microflakes,Flakies,,,Valentine's 2025 Collection
875,879,,Mooncat/LLP,Sheep's Clothing,Light Grey Linear Holo with Pink Shimmer,Shimmer,,,Raremade
876,880,,Mooncat/LLP,The Glory of Innocence,Purple Green Holo Shimmer,Shimmer,,,Pandora Unboxed Collection
877,881,,Mooncat/LLP,Queen of the Dead,Deep Maroon to Raspberry Thermal,Thermal,,,Seasons of Persephone Collection
878,882,,Mooncat/LLP,Serpents of Eden,Green Teal Yellow Blue Multichrome,Multichrome,,,Pandora Unboxed Collection
879,883,,Mooncat/LLP,Twilight Sonata,Deep Blue to Purple Thermal with Blue Shimmer,Thermal,,,Fallen Collection
847,884,,Cracked,Jewel of the Ball,,Magnetic,,,January 25 PPU
,885,,Canmake,Cassis Soda,Pink Glitter in Pink Jelly Base,Glitter,,,2025 New York Anniversary Trip
,886,,Holo Taco,Born Ugly,Pantone 448C,Crème,,,April Fools 2025